Date,Open,High,Low,S&P,Adj Close,Volume
2016/1/22,1858.5,1902.25,1855.75,1899.25,1899.25,2106526
2016/1/24,null,null,null,null,null,null
2016/1/25,1899.5,1904.25,1867.5,1870.25,1870.25,1640401
2016/1/26,1871.75,1899.75,1851.25,1896,1896,1780235
2016/1/27,1885.25,1910,1864.5,1875,1875,2113363
2016/1/28,1880,1902.5,1865.75,1880.75,1880.75,2254109
2016/1/29,1878.75,1933,1876.5,1930,1930,2406399
2016/1/31,null,null,null,null,null,null
2016/2/1,1929.75,1940,1912.5,1931.25,1931.25,1748062
2016/2/2,1928.5,1929.25,1889,1897.5,1897.5,2102411
2016/2/3,1895,1912.25,1865,1908.5,1908.5,2848193
2016/2/4,1907.75,1922.25,1890.25,1907.75,1907.75,2255360
2016/2/5,1905.25,1914.5,1865.75,1875.25,1875.25,2320680
2016/2/7,null,null,null,null,null,null
2016/2/8,1876.25,1884.5,1821.75,1852,1852,2674512
2016/2/9,1849.75,1863.75,1825.75,1848.25,1848.25,2792208
2016/2/10,1850,1877.75,1838.5,1846.75,1846.75,2359881
2016/2/11,1842.25,1847.25,1802.5,1824.5,1824.5,3203999
2016/2/12,1827.25,1860.75,1822.5,1858.25,1858.25,2018154
2016/2/14,null,null,null,null,null,null
2016/2/15,null,null,null,null,null,null
2016/2/16,1865.25,1892.75,1865,1888.75,1888.75,2034059
2016/2/17,1888.25,1928,1881.5,1922.75,1922.75,1854185
2016/2/18,1926.75,1933.5,1911.25,1916.5,1916.5,1615605
2016/2/19,1917.5,1922.75,1898.5,1914.5,1914.5,1616647
2016/2/21,null,null,null,null,null,null
2016/2/22,1911,1943.75,1908.25,1936.25,1936.25,1425321
2016/2/23,1934,1938,1913.75,1916,1916,1600879
2016/2/24,1914,1933.75,1886.75,1930.25,1930.25,2315370
2016/2/25,1933,1951.5,1920.25,1950.5,1950.5,1844284
2016/2/26,1949,1968.75,1941.25,1942.75,1942.75,1876651
2016/2/28,null,null,null,null,null,null
2016/2/29,1943,1956.25,1926.5,1929.5,1929.5,1826411
2016/3/1,1928,1978.5,1920.75,1978,1978,2035550
2016/3/2,1976.25,1984.75,1966.25,1983.5,1983.5,1821662
2016/3/3,1981.75,1992.5,1974.75,1990.5,1990.5,1555391
2016/3/4,1991,2007.5,1984,1995,1995,2247812
2016/3/6,null,null,null,null,null,null
2016/3/7,1994.5,2004.5,1984.5,1999,1999,1633347
2016/3/8,1999,2000.25,1976,1981,1981,1931272
2016/3/9,1981.75,1994,1978,1989,1989,1744984
2016/3/10,1990,2010.25,1967.25,1988.75,1988.75,2738172
2016/3/11,1988.5,2022.25,1987.5,2020,2020,1220530
2016/3/13,null,null,null,null,null,null
2016/3/14,2019.25,2024.5,2012,2018.75,2018.75,880362
2016/3/15,2019,2019.5,2004.5,2015.75,2015.75,923452
2016/3/16,2016.25,2032.25,2006.5,2027,2027,580253
2016/3/17,2026.75,2046.75,2015.75,2039.75,2039.75,479136
2016/3/18,2041.5,2048.75,2037,2048,2048,1775664
2016/3/20,null,null,null,null,null,null
2016/3/21,2036.5,2044.5,2031,2042.75,2042.75,1278261
2016/3/22,2043.25,2047.5,2028.75,2042.5,2042.5,1496196
2016/3/23,2043,2045.25,2025.25,2028.75,2028.75,1557185
2016/3/24,2028,2030.25,2012.25,2028.5,2028.5,1524072
2016/3/27,null,null,null,null,null,null
2016/3/28,2030.25,2039.75,2022,2028,2028,907834
2016/3/29,2027.75,2049.25,2019.25,2047.5,2047.5,1549483
2016/3/30,2048.5,2064.5,2046.75,2055.25,2055.25,1627085
2016/3/31,2055.5,2059.75,2047.25,2051.5,2051.5,1736311
2016/4/1,2052.75,2067,2035.25,2065,2065,2051323
2016/4/3,null,null,null,null,null,null
2016/4/4,2064,2071.5,2054.25,2057.5,2057.5,1380117
2016/4/5,2055.5,2055.5,2034.25,2038.75,2038.75,1827488
2016/4/6,2042,2060.5,2035,2060.25,2060.25,1894599
2016/4/7,2059.75,2062,2026,2035,2035,2052195
2016/4/8,2034.5,2054.25,2030.25,2040.75,2040.75,1768420
2016/4/10,null,null,null,null,null,null
2016/4/11,2041,2056.5,2032.5,2034.5,2034.5,1679757
2016/4/12,2032.5,2058.5,2029.25,2055.75,2055.75,1831285
2016/4/13,2055.25,2077,2054,2076,2076,1637033
2016/4/14,2076.25,2081.75,2068.5,2076.5,2076.5,1363745
2016/4/15,2077.75,2080,2069.5,2075,2075,1230494
2016/4/17,null,null,null,null,null,null
2016/4/18,2064.25,2088.75,2058.5,2086.75,2086.75,1400343
2016/4/19,2085.25,2098.5,2084.75,2093.75,2093.75,1565161
2016/4/20,2094.25,2105.25,2085.75,2098,2098,1464683
2016/4/21,2097.75,2104,2078.75,2082.75,2082.75,1638276
2016/4/22,2079.75,2089,2075,2086,2086,1497994
2016/4/24,null,null,null,null,null,null
2016/4/25,2091.5,2091.5,2071,2083.25,2083.25,1280888
2016/4/26,2084.25,2091.25,2079.5,2088.5,2088.5,1225834
2016/4/27,2082.25,2094,2076.25,2090.75,2090.75,1420203
2016/4/28,2092.5,2094.25,2065.25,2072.5,2072.5,1938653
2016/4/29,2073.75,2076,2045.75,2059,2059,2419757
2016/5/1,null,null,null,null,null,null
2016/5/2,2060.75,2077.5,2055.5,2074.25,2074.25,1306173
2016/5/3,2075.5,2076.25,2048,2057,2057,1827577
2016/5/4,2057.5,2060.25,2039,2047,2047,1557981
2016/5/5,2046.5,2060,2039.5,2044,2044,1433289
2016/5/6,2043.5,2054.5,2030.5,2052.75,2052.75,1813432
2016/5/8,null,null,null,null,null,null
2016/5/9,2053,2059.75,2048.25,2054.25,2054.25,1370423
2016/5/10,2054,2079.75,2048,2077.5,2077.5,1416966
2016/5/11,2077.25,2078.75,2057.5,2058,2058,1471852
2016/5/12,2059,2072.75,2048.5,2058.75,2058.75,1799103
2016/5/13,2059.25,2063.5,2038.5,2043.5,2043.5,1878403
2016/5/15,null,null,null,null,null,null
2016/5/16,2041.25,2068.5,2035,2062.75,2062.75,1421736
2016/5/17,2062,2069.5,2036.75,2043.5,2043.5,1988181
2016/5/18,2043.75,2057.75,2030.75,2041.5,2041.5,2085972
2016/5/19,2043.5,2044.75,2022,2038.75,2038.75,2055973
2016/5/20,2038.75,2055.5,2037.25,2050,2050,1583721
2016/5/22,null,null,null,null,null,null
2016/5/23,2053.25,2056,2043.5,2045.25,2045.25,1183296
2016/5/24,2045,2077.25,2041.25,2075,2075,1603195
2016/5/25,2075,2092.5,2073.5,2087.25,2087.25,1442270
2016/5/26,2088.75,2091.75,2082.5,2089.75,2089.75,968439
2016/5/27,2090.5,2098.75,2088,2097.25,2097.25,1035175
2016/5/29,null,null,null,null,null,null
2016/5/31,2100,2103.75,2086,2095,2095,1631254
2016/6/1,2094,2099.25,2083.25,2098,2098,1317565
2016/6/2,2096.75,2104.75,2086.75,2103.75,2103.75,1299962
2016/6/3,2103.5,2106,2082.75,2097.75,2097.75,1746160
2016/6/5,null,null,null,null,null,null
2016/6/6,2097.5,2112.25,2094,2108.25,2108.25,1272974
2016/6/7,2108.25,2118,2106.5,2110.25,2110.25,1125951
2016/6/8,2110.25,2119.75,2106.5,2118,2118,1308451
2016/6/9,2117.75,2118.5,2106.25,2114.25,2114.25,1644419
2016/6/10,2113.75,2114,2088.5,2096.25,2096.25,1244099
2016/6/12,null,null,null,null,null,null
2016/6/13,2089.25,2098.25,2075.75,2078.75,2078.75,1222789
2016/6/14,2077,2081.75,2063.25,2074.5,2074.5,1163137
2016/6/15,2072.75,2086.25,2068.75,2071.75,2071.75,609849
2016/6/16,2070.5,2080,2050,2079.25,2079.25,426215
2016/6/17,2077.75,2083,2073.75,2078.5,2078.5,1833560
2016/6/19,null,null,null,null,null,null
2016/6/20,2071,2092.5,2070.25,2074.25,2074.25,1598465
2016/6/21,2079,2086,2074,2080.5,2080.5,1400709
2016/6/22,2079.25,2091.25,2075.25,2076.75,2076.75,1419838
2016/6/23,2083,2113.25,2083,2105.75,2105.75,1314510
2016/6/24,2115.75,2119.5,1999,2018.5,2018.5,4174598
2016/6/26,null,null,null,null,null,null
2016/6/27,2013.75,2022.5,1981.5,1985,1985,3021015
2016/6/28,1982.5,2029.75,1982.25,2028.5,2028.5,2285755
2016/6/29,2028.25,2074.75,2022.75,2066.75,2066.75,2065151
2016/6/30,2072.25,2091.25,2056.5,2090.25,2090.25,2301226
2016/7/1,2086.5,2100.75,2081.5,2096.25,2096.25,1665376
2016/7/3,null,null,null,null,null,null
2016/7/5,2099.75,2104.75,2072.5,2082.75,2082.75,1862935
2016/7/6,2084,2094.5,2065.75,2094,2094,2054794
2016/7/7,2092,2102,2081.75,2092,2092,1666356
2016/7/8,2092,2125.5,2087.5,2120.5,2120.5,1962358
2016/7/10,null,null,null,null,null,null
2016/7/11,2120.25,2136.75,2120,2130.25,2130.25,1467322
2016/7/12,2130.75,2149.25,2128.5,2145.75,2145.75,1704053
2016/7/13,2145.75,2152.25,2139.5,2146,2146,1633489
2016/7/14,2145.25,2168,2142.75,2157.25,2157.25,1782561
2016/7/15,2156.5,2164.75,2143.25,2152.75,2152.75,1518276
2016/7/17,null,null,null,null,null,null
2016/7/18,2154.5,2163.25,2152.75,2160,2160,1205765
2016/7/19,2160,2160.75,2151.25,2158.75,2158.75,1151631
2016/7/20,2159,2169.75,2155.25,2167.5,2167.5,1134131
2016/7/21,2168.25,2170.25,2153.5,2158,2158,1300678
2016/7/22,2159,2169.25,2156,2167.5,2167.5,1133059
2016/7/24,null,null,null,null,null,null
2016/7/25,2167.75,2172.5,2155.75,2162.25,2162.25,1264905
2016/7/26,2162.75,2168,2153.75,2163.25,2163.25,1609035
2016/7/27,2166,2169.25,2152,2160.5,2160.5,1642569
2016/7/28,2162.75,2168.5,2153.5,2164.75,2164.75,1622142
2016/7/29,2165.5,2171.75,2157.5,2168.25,2168.25,1718155
2016/7/31,null,null,null,null,null,null
2016/8/1,2174,2177.75,2159.75,2164.5,2164.5,1659094
2016/8/2,2166,2171,2141.5,2152.75,2152.75,1958950
2016/8/3,2152.25,2158.25,2145.25,2157,2157,1371176
2016/8/4,2156.75,2164.25,2154,2159.25,2159.25,1239577
2016/8/5,2159.5,2178.5,2159.25,2176.75,2176.75,1370482
2016/8/7,null,null,null,null,null,null
2016/8/8,2176,2183,2173.25,2175.5,2175.5,970557
2016/8/9,2176,2183.5,2173.75,2177.5,2177.5,1191826
2016/8/10,2178,2181.5,2167.75,2172.75,2172.75,1371937
2016/8/11,2172.5,2185.25,2170,2181.75,2181.75,1326004
2016/8/12,2181.75,2184,2175.5,2180.25,2180.25,1270055
2016/8/14,null,null,null,null,null,null
2016/8/15,2180.75,2190.75,2180.5,2186,2186,1090675
2016/8/16,2186,2186.25,2175.25,2176.75,2176.75,1391768
2016/8/17,2177.5,2182,2165.5,2179.75,2179.75,1702425
2016/8/18,2180.75,2184.5,2176.25,2183.5,2183.5,1201115
2016/8/19,2183.5,2184.25,2172.5,2181.75,2181.75,1431860
2016/8/21,null,null,null,null,null,null
2016/8/22,2181.75,2184.5,2173.5,2181.5,2181.5,1543249
2016/8/23,2180.75,2191.5,2179.25,2185.25,2185.25,1125503
2016/8/24,2185.75,2187.75,2168.75,2175,2175,1508048
2016/8/25,2175,2177.25,2167.5,2173.5,2173.5,1501328
2016/8/26,2174,2186.75,2157.5,2168.5,2168.5,2535682
2016/8/28,null,null,null,null,null,null
2016/8/29,2167.75,2182.25,2164.5,2179.25,2179.25,1245215
2016/8/30,2180,2181.5,2168.5,2175.25,2175.25,1372345
2016/8/31,2175.75,2176.25,2159.5,2169.5,2169.5,1864629
2016/9/1,2169,2177.25,2154.75,2167.25,2167.25,1943431
2016/9/2,2166.25,2183.75,2164.25,2178,2178,1700143
2016/9/4,null,null,null,null,null,null
2016/9/6,2179.25,2186.25,2173,2184.5,2184.5,1627643
2016/9/7,2185.25,2186.75,2177.5,2184.5,2184.5,1459543
2016/9/8,2184.5,2189.25,2175.75,2177.5,2177.5,2105651
2016/9/9,2177.25,2178.25,2119.75,2122.75,2122.75,2073225
2016/9/11,null,null,null,null,null,null
2016/9/12,2121.75,2162.75,2107,2158.5,2158.5,1450133
2016/9/13,2156.25,2157.5,2119,2128.75,2128.75,1201101
2016/9/14,2131.75,2141.25,2118.75,2120.25,2120.25,661156
2016/9/15,2121.75,2151.5,2114.75,2145,2145,398401
2016/9/16,2143.75,2144.25,2135.5,2141.75,2141.75,2064530
2016/9/18,null,null,null,null,null,null
2016/9/19,2132.25,2146.75,2127.75,2133,2133,1527880
2016/9/20,2133.75,2143.5,2129,2131,2131,1385876
2016/9/21,2130,2157.5,2126.25,2156.25,2156.25,1826950
2016/9/22,2156.25,2172.75,2152.75,2168.25,2168.25,1523998
2016/9/23,2168.25,2169.5,2156,2158,2158,1448300
2016/9/25,null,null,null,null,null,null
2016/9/26,2156.25,2159.5,2136.75,2139.75,2139.75,1602771
2016/9/27,2139.25,2154,2132.75,2152.75,2152.75,1659780
2016/9/28,2152,2165.25,2144,2163.25,2163.25,1733016
2016/9/29,2162.25,2167,2137.25,2148.5,2148.5,2306654
2016/9/30,2145.75,2168.25,2135.75,2160.5,2160.5,1989690
2016/10/2,null,null,null,null,null,null
2016/10/3,2158.75,2164,2146.75,2153.25,2153.25,1406125
2016/10/4,2153.75,2159.75,2136,2144.75,2144.75,2143439
2016/10/5,2144.25,2158,2141,2153.25,2153.25,1369566
2016/10/6,2153.25,2157.25,2143.25,2156.5,2156.5,1209239
2016/10/7,2155.25,2161.5,2138,2146.5,2146.5,1958026
2016/10/9,null,null,null,null,null,null
2016/10/11,2159.5,2160.75,2121.75,2134.5,2134.5,2243746
2016/10/12,2133,2140.75,2126.25,2131.5,2131.5,1483026
2016/10/13,2127.75,2132.25,2107.75,2126.25,2126.25,2195134
2016/10/14,2126.25,2143.25,2122.25,2127,2127,1841156
2016/10/16,null,null,null,null,null,null
2016/10/17,2126.25,2130,2116.75,2123,2123,1251946
2016/10/18,2122.5,2139.75,2120.25,2132,2132,1139317
2016/10/19,2131.5,2142.5,2126.5,2138,2138,948475
2016/10/20,2137.5,2144.5,2126.75,2137,2137,1611098
2016/10/21,2136,2138.5,2123.25,2134.75,2134.75,1409837
2016/10/23,null,null,null,null,null,null
2016/10/24,2137,2149,2134.75,2144.25,2144.25,1010790
2016/10/25,2144.75,2149.75,2135.25,2138,2138,1198210
2016/10/26,2135.25,2140,2124.75,2134,2134,1548442
2016/10/27,2133.75,2143.75,2122.5,2123.5,2123.5,1795356
2016/10/28,2127.25,2135.25,2112.5,2123.75,2123.75,2391182
2016/10/30,null,null,null,null,null,null
2016/10/31,2120,2130.5,2114.75,2120,2120,1371713
2016/11/1,2123.5,2129.5,2091,2103.75,2103.75,2257062
2016/11/2,2102.25,2106.5,2087.25,2092.25,2092.25,2013595
2016/11/3,2088.25,2098.75,2079.75,2083.5,2083.5,1795490
2016/11/4,2084,2094.25,2078.75,2080,2080,2079129
2016/11/6,null,null,null,null,null,null
2016/11/7,2106,2130.75,2102.75,2129,2129,1761750
2016/11/8,2129,2143.25,2119,2135.5,2135.5,1751369
2016/11/9,2138,2166.75,2028.5,2160.25,2160.25,5280237
2016/11/10,2159.5,2180.5,2147.75,2167.25,2167.25,3132340
2016/11/13,null,null,null,null,null,null
2016/11/14,2164.5,2174.5,2152.25,2160.5,2160.5,1815339
2016/11/15,2161,2179.75,2158.5,2179.25,2179.25,1443589
2016/11/16,2179,2185,2168.75,2172.75,2172.75,1327887
2016/11/17,2172.5,2185.5,2171.75,2184.25,2184.25,1350348
2016/11/18,2184,2187.5,2176.5,2180.75,2180.75,1280719
2016/11/20,null,null,null,null,null,null
2016/11/21,2179.5,2196.5,2178.5,2193,2193,1233201
2016/11/22,2193.25,2203,2191.75,2200.25,2200.25,1257560
2016/11/23,2201.25,2203.5,2192,2200.75,2200.75,1101994
2016/11/25,2201,2211.75,2197.5,2211.25,2211.25,561560
2016/11/27,null,null,null,null,null,null
2016/11/28,2208,2209.5,2198.25,2200.75,2200.75,1371374
2016/11/29,2200.25,2209.5,2196.25,2203.75,2203.75,1405556
2016/11/30,2203.25,2213.75,2197.25,2198.75,2198.75,1960189
2016/12/1,2199.5,2203,2186,2192,2192,2148721
2016/12/2,2190.5,2197.25,2184.25,2192,2192,1682042
2016/12/4,null,null,null,null,null,null
2016/12/5,2184,2208.75,2179,2204.25,2204.25,1663731
2016/12/6,2205,2212,2200.25,2210,2210,1483946
2016/12/7,2211.25,2241.25,2206.75,2236.75,2236.75,2328449
2016/12/8,2236.5,2251.5,2232.5,2247.75,2247.75,2109978
2016/12/9,2246.75,2261.25,2245,2260,2260,1090581
2016/12/11,null,null,null,null,null,null
2016/12/12,2260.75,2270.25,2252.25,2256,2256,1019782
2016/12/13,2256,2278.25,2253.25,2273.25,2273.25,1053815
2016/12/14,2273.25,2277,2248,2257,2257,767129
2016/12/15,2256,2272.75,2252.25,2263.5,2263.5,477530
2016/12/16,2264.25,2269.5,2261.75,2267.5,2267.5,1415262
2016/12/18,null,null,null,null,null,null
2016/12/19,2256,2263.75,2254,2260,2260,928690
2016/12/20,2260.25,2269.5,2260,2266.5,2266.5,814005
2016/12/21,2267.25,2268,2258,2260.5,2260.5,667705
2016/12/22,2258.25,2261,2251.5,2258.75,2258.75,847626
2016/12/23,2257.5,2261,2254.25,2260,2260,396535
2016/12/25,null,null,null,null,null,null
2016/12/27,2258.75,2269.5,2257.75,2261,2261,498741
2016/12/28,2261.25,2267.5,2243.5,2245.25,2245.25,1000606
2016/12/29,2245.5,2250,2239.5,2245,2245,913220
2016/12/30,2246.25,2252.75,2228,2236.25,2236.25,1281987
2017/1/1,null,null,null,null,null,null
2017/1/3,2240.75,2259.5,2239.5,2252.5,2252.5,1810351
2017/1/4,2252.75,2267.25,2251,2264.25,2264.25,1404875
2017/1/5,2264.5,2266,2254,2264.25,2264.25,1324035
2017/1/6,2264.25,2277,2258.25,2271.5,2271.5,1551007
2017/1/8,null,null,null,null,null,null
2017/1/9,2271.25,2275.25,2263.5,2265,2265,1025182
2017/1/10,2264.5,2274,2259.5,2263.75,2263.75,1304523
2017/1/11,2263.75,2271.75,2255,2270.5,2270.5,1733727
2017/1/12,2270.5,2270.5,2248.5,2263.5,2263.5,1752976
2017/1/13,2264.5,2273.5,2262.75,2272.5,2272.5,1192660
2017/1/15,null,null,null,null,null,null
2017/1/17,2270.25,2270.5,2257.25,2262.75,2262.75,1540220
2017/1/18,2262,2268.5,2258.25,2266.5,2266.5,1111992
2017/1/19,2265.5,2269.5,2253,2261.5,2261.5,1386240
2017/1/20,2261,2272.75,2259.75,2266,2266,1737181
2017/1/22,null,null,null,null,null,null
2017/1/23,2266,2267.5,2251.75,2262,2262,1474482
2017/1/24,2260.75,2280.5,2259.5,2274.5,2274.5,1273116
2017/1/25,2275.75,2295.25,2274.75,2294,2294,1386477
2017/1/26,2293.75,2299.5,2289.5,2294,2294,1170427
2017/1/27,2294,2296.75,2287,2289,2289,942076
2017/1/29,null,null,null,null,null,null
2017/1/30,2282,2285.75,2263.25,2276,2276,1850992
2017/1/31,2275.75,2278.25,2262.25,2274.5,2274.5,1628810
2017/2/1,2277,2285,2268.25,2274.5,2274.5,1565006
2017/2/2,2275,2279.75,2264.5,2275.5,2275.5,1414426
2017/2/3,2274,2294,2270.5,2291,2291,1415043
2017/2/5,null,null,null,null,null,null
2017/2/6,2293,2294.25,2283.5,2286.5,2286.5,1164914
2017/2/7,2286.25,2295,2284,2288.5,2288.5,1202059
2017/2/8,2285.75,2292,2281,2290.25,2290.25,1283261
2017/2/9,2290.5,2307.75,2287.75,2304.25,2304.25,1354847
2017/2/10,2304.25,2315.75,2303,2312.75,2312.75,1177521
2017/2/12,null,null,null,null,null,null
2017/2/13,2314.25,2329,2313.25,2326.25,2326.25,1210205
2017/2/14,2326.5,2337.75,2319.75,2337,2337,1390309
2017/2/15,2335.5,2351.5,2331.25,2350.5,2350.5,1532340
2017/2/16,2350.25,2350.75,2336.75,2345.5,2345.5,1737007
2017/2/17,2345,2348.75,2336.5,2348,2348,1399520
2017/2/19,null,null,null,null,null,null
2017/2/21,2346.5,2365,2346,2360,2360,1653551
2017/2/22,2360,2363.75,2355.25,2361,2361,1301504
2017/2/23,2362,2367.5,2353,2362.75,2362.75,1556359
2017/2/24,2361.5,2365.75,2349.5,2365,2365,1551959
2017/2/26,null,null,null,null,null,null
2017/2/27,2362.75,2370.75,2361,2368.25,2368.25,1156575
2017/2/28,2365.75,2368.75,2357.5,2362.75,2362.75,1610710
2017/3/1,2364.5,2401,2363.25,2393.5,2393.5,2171551
2017/3/2,2392.25,2394.25,2378,2382,2382,1744834
2017/3/3,2379.75,2383.25,2373.75,2381.25,2381.25,1357594
2017/3/5,null,null,null,null,null,null
2017/3/6,2380.25,2380.75,2367,2375.5,2375.5,1376883
2017/3/7,2371.25,2375.5,2364.5,2366.5,2366.5,1303962
2017/3/8,2365.75,2373,2359.5,2364,2364,1651698
2017/3/9,2363.75,2369.25,2354,2366.25,2366.25,1788548
2017/3/10,2367.5,2379.75,2362.25,2371.75,2371.75,1361113
2017/3/12,null,null,null,null,null,null
2017/3/13,2370.75,2375.25,2368,2375,2375,1042690
2017/3/14,2374,2374.75,2358,2366.5,2366.5,952366
2017/3/15,2367,2390.5,2366.5,2383.75,2383.75,621381
2017/3/16,2382.5,2392,2376.75,2382.75,2382.75,377982
2017/3/17,2382.25,2385.75,2379,2384.5,2384.5,1277357
2017/3/19,null,null,null,null,null,null
2017/3/20,2373.75,2376,2365.5,2370.25,2370.25,1076099
2017/3/21,2369,2378.75,2338,2342.25,2342.25,2567939
2017/3/22,2340.5,2348.75,2332.25,2342.5,2342.5,1883451
2017/3/23,2342.25,2356,2338.25,2340,2340,1631527
2017/3/24,2341,2352.75,2331.75,2344.75,2344.75,1600274
2017/3/26,null,null,null,null,null,null
2017/3/27,2337,2341.5,2317.75,2338.5,2338.5,1614233
2017/3/28,2340.5,2360.5,2333.5,2351.5,2351.5,1623900
2017/3/29,2353,2359.75,2348.75,2357,2357,1154538
2017/3/30,2357,2366.75,2353.25,2364.5,2364.5,1164616
2017/3/31,2365.5,2366.75,2356.75,2359.25,2359.25,1568884
2017/4/2,null,null,null,null,null,null
2017/4/3,2357.5,2363.25,2340,2356,2356,1716027
2017/4/4,2354.25,2358.75,2344.75,2356.5,2356.5,1209054
2017/4/5,2358.75,2375,2343.75,2346.5,2346.5,1938825
2017/4/6,2345.5,2361.25,2338,2353.75,2353.75,1595949
2017/4/7,2355.25,2360.75,2336.75,2352.25,2352.25,1473460
2017/4/9,null,null,null,null,null,null
2017/4/10,2351.75,2363.25,2347.5,2352.5,2352.5,1351301
2017/4/11,2354.25,2355.75,2333.25,2351,2351,1856700
2017/4/12,2351.75,2356.5,2337.5,2340.75,2340.75,1534596
2017/4/13,2338.75,2345,2324,2327.5,2327.5,1587079
2017/4/16,null,null,null,null,null,null
2017/4/17,2324,2346,2322.75,2345,2345,981675
2017/4/18,2345,2347,2330.25,2337.25,2337.25,1432200
2017/4/19,2337.75,2349.25,2331.25,2333.75,2333.75,1254296
2017/4/20,2333.25,2358.25,2332.5,2352,2352,1468523
2017/4/21,2352.75,2356,2340.5,2347.5,2347.5,1277783
2017/4/23,null,null,null,null,null,null
2017/4/24,2365.75,2376.75,2365.25,2370,2370,1553985
2017/4/25,2370,2389.25,2368.25,2385,2385,1324272
2017/4/26,2383,2394.75,2381.5,2382.25,2382.25,1493096
2017/4/27,2381.5,2388.75,2378.75,2386,2386,1115269
2017/4/28,2386.25,2388.75,2378.25,2380.5,2380.5,1167297
2017/4/30,null,null,null,null,null,null
2017/5/1,2381.5,2390.75,2377,2387,2387,906278
2017/5/2,2386.25,2388.75,2381.75,2385.75,2385.75,958983
2017/5/3,2384,2386,2375.5,2383.25,2383.25,1076558
2017/5/4,2382,2390.75,2376,2385.5,2385.5,1229736
2017/5/5,2386,2399.25,2379,2397.75,2397.75,1127621
2017/5/7,null,null,null,null,null,null
2017/5/8,2402.5,2403.75,2389.75,2395,2395,957161
2017/5/9,2394.5,2400,2388.75,2393.25,2393.25,1105436
2017/5/10,2391.75,2397,2387.5,2395.25,2395.25,998859
2017/5/11,2395,2395.25,2379,2391,2391,1356242
2017/5/12,2390.25,2391.5,2384.25,2388.75,2388.75,1087422
2017/5/14,null,null,null,null,null,null
2017/5/15,2388.75,2402.25,2388,2398.5,2398.5,1041264
2017/5/16,2399.75,2404.5,2393.75,2397,2397,1071111
2017/5/17,2396.5,2396.75,2354.75,2357.5,2357.5,2814349
2017/5/18,2355,2375,2344.5,2363.5,2363.5,2460956
2017/5/19,2364,2388,2361,2381.5,2381.5,1672971
2017/5/21,null,null,null,null,null,null
2017/5/22,2381.75,2394.25,2378.25,2392.75,2392.75,1113022
2017/5/23,2393.5,2399.5,2386.75,2398,2398,1024986
2017/5/24,2397,2404,2394.75,2402,2402,984358
2017/5/25,2403,2417.75,2402.5,2413.5,2413.5,1315611
2017/5/26,2413,2415.75,2408,2413.75,2413.75,879560
2017/5/28,null,null,null,null,null,null
2017/5/30,2414,2417,2407.75,2410.75,2410.75,1040285
2017/5/31,2410.5,2416.75,2402.75,2411,2411,1729723
2017/6/1,2413.75,2430.5,2410.5,2429.5,2429.5,1432385
2017/6/2,2429.25,2439.75,2427,2437.75,2437.75,1735800
2017/6/4,null,null,null,null,null,null
2017/6/5,2435.25,2439,2433,2434.5,2434.5,891938
2017/6/6,2434.25,2435.75,2426.25,2430.75,2430.75,1353806
2017/6/7,2429.5,2435,2424,2432,2432,1431930
2017/6/8,2431.5,2439,2427.25,2432.5,2432.5,1445922
2017/6/9,2427.25,2445.75,2414.75,2430.5,2430.5,1588107
2017/6/11,null,null,null,null,null,null
2017/6/12,2430,2431,2419,2428.5,2428.5,1253497
2017/6/13,2428.75,2441.5,2427.25,2440,2440,1028985
2017/6/14,2440.25,2445.5,2427.75,2437.25,2437.25,684544
2017/6/15,2436,2436,2418.25,2434.25,2434.25,470700
2017/6/16,2433.75,2439,2432.5,2433.75,2433.75,1336684
2017/6/18,null,null,null,null,null,null
2017/6/19,2433.5,2451.5,2432.75,2447.5,2447.5,1223334
2017/6/20,2447.75,2451,2434,2437.5,2437.5,1332027
2017/6/21,2435.75,2440,2428,2433.5,2433.5,1374762
2017/6/22,2431.75,2439,2428,2431.75,2431.75,1056822
2017/6/23,2431.25,2438.75,2428.25,2435,2435,1197448
2017/6/25,null,null,null,null,null,null
2017/6/26,2432,2447.5,2430,2436,2436,1265812
2017/6/27,2435.75,2437.25,2416.5,2420.5,2420.5,1639883
2017/6/28,2417,2442.5,2413.75,2438.5,2438.5,1560424
2017/6/29,2442,2445,2402.25,2420,2420,2337789
2017/6/30,2420.75,2429.75,2415,2421,2421,1638217
2017/7/2,null,null,null,null,null,null
2017/7/3,null,null,null,null,null,null
2017/7/5,2423.75,2432.25,2419.25,2428,2428,1287423
2017/7/6,2428,2430.5,2405.25,2408.5,2408.5,1603746
2017/7/7,2409.25,2425,2407.5,2422.5,2422.5,1266391
2017/7/9,null,null,null,null,null,null
2017/7/10,2423,2430,2419.25,2424.5,2424.5,861222
2017/7/11,2423.75,2427.75,2410.25,2424.5,2424.5,1132273
2017/7/12,2425,2443.75,2422.5,2440,2440,1163339
2017/7/13,2441.25,2447,2439,2445.5,2445.5,941061
2017/7/14,2446.5,2461.25,2442,2456,2456,1091078
2017/7/16,null,null,null,null,null,null
2017/7/17,2457,2460.5,2454,2458.5,2458.5,862469
2017/7/18,2459.25,2461,2448,2457.75,2457.75,1091158
2017/7/19,2459.75,2472,2457.75,2471.5,2471.5,958463
2017/7/20,2471,2476.25,2465.5,2471.25,2471.25,1106684
2017/7/21,2472.5,2475.25,2462.75,2469.5,2469.5,1095937
2017/7/23,null,null,null,null,null,null
2017/7/24,2469.75,2470.5,2463.5,2468.5,2468.5,857750
2017/7/25,2467,2478.75,2466.25,2474,2474,1074033
2017/7/26,2475.25,2479.75,2471.5,2473.25,2473.25,972444
2017/7/27,2474.5,2480.5,2457,2472,2472,1647577
2017/7/28,2472,2472,2461.5,2470.25,2470.25,1156784
2017/7/30,null,null,null,null,null,null
2017/7/31,2470.5,2475,2465.25,2468,2468,1229202
2017/8/1,2468,2477.25,2466.25,2472.25,2472.25,1043439
2017/8/2,2474,2476,2463.25,2473.5,2473.5,1304650
2017/8/3,2473.25,2474.5,2466,2471.75,2471.75,1087355
2017/8/4,2470.75,2477.75,2467.75,2472,2472,1070866
2017/8/6,null,null,null,null,null,null
2017/8/7,2472.25,2478.25,2472,2477.5,2477.5,599701
2017/8/8,2477.5,2488.5,2467.5,2472.75,2472.75,1367671
2017/8/9,2470,2474.5,2459,2473,2473,1555517
2017/8/10,2474,2474.25,2432.75,2437.5,2437.5,2324062
2017/8/11,2434.5,2446.5,2430.25,2440,2440,1670104
2017/8/13,null,null,null,null,null,null
2017/8/14,2441.5,2466.5,2441.5,2463.5,2463.5,1470477
2017/8/15,2464.5,2473.25,2460,2463.75,2463.75,1060173
2017/8/16,2464.5,2474,2461.5,2467.5,2467.5,1137333
2017/8/17,2466.75,2468.5,2423.75,2429.5,2429.5,2236170
2017/8/18,2426.75,2439.5,2419.5,2426.75,2426.75,2203303
2017/8/20,null,null,null,null,null,null
2017/8/21,2428.75,2431.5,2415.75,2428,2428,1339966
2017/8/22,2428,2454.25,2427.5,2452.75,2452.75,1367156
2017/8/23,2453,2454.75,2438.75,2441.5,2441.5,1243382
2017/8/24,2440.25,2449,2434.5,2440.75,2440.75,1407417
2017/8/25,2442.5,2453.5,2437.5,2442.5,2442.5,1211227
2017/8/27,null,null,null,null,null,null
2017/8/28,2442,2449.25,2436.25,2443.75,2443.75,953054
2017/8/29,2434,2448.5,2421,2447,2447,1615262
2017/8/30,2446.5,2459.75,2442.75,2455.75,2455.75,1301444
2017/8/31,2455.25,2474.25,2454.75,2470,2470,1752826
2017/9/1,2470.25,2479.75,2470,2474.25,2474.25,1057024
2017/9/3,null,null,null,null,null,null
2017/9/5,2461.25,2471.25,2445.5,2459.75,2459.75,2123649
2017/9/6,2460.25,2469,2456.5,2465.5,2465.5,1574076
2017/9/7,2464,2468.75,2457.5,2466.5,2466.5,1534736
2017/9/8,2466.5,2467.5,2456.75,2462.5,2462.5,1242750
2017/9/10,null,null,null,null,null,null
2017/9/11,2468,2489,2468,2487.5,2487.5,1333316
2017/9/12,2488.25,2497,2486.75,2496,2496,1042880
2017/9/13,2497,2497.5,2490.75,2496.5,2496.5,611367
2017/9/14,2496.25,2498.25,2489.5,2496.5,2496.5,419698
2017/9/15,2496,2496.5,2489.5,2496,2496,1367390
2017/9/17,null,null,null,null,null,null
2017/9/18,2499,2506,2497.75,2502.75,2502.75,1090827
2017/9/19,2502.75,2506,2501,2504.75,2504.75,961109
2017/9/20,2503.75,2507.25,2494,2505.25,2505.25,1232948
2017/9/21,2504.5,2506.25,2496.5,2501,2501,1117630
2017/9/22,2500.75,2501,2492,2499.5,2499.5,1024727
2017/9/24,null,null,null,null,null,null
2017/9/25,2499,2504.5,2485,2497,2497,1539626
2017/9/26,2498,2501.25,2492.25,2495.5,2495.5,1144642
2017/9/27,2495,2509.25,2493,2504.5,2504.5,1576031
2017/9/28,2503.25,2508.25,2499,2507.75,2507.75,1109027
2017/9/29,2507.75,2517.75,2504.75,2516,2516,1368322
2017/10/1,null,null,null,null,null,null
2017/10/2,2518,2528,2517,2526.25,2526.25,1138362
2017/10/3,2527.25,2533.5,2525.5,2532.75,2532.75,849153
2017/10/4,2533,2538,2529,2536.25,2536.25,956590
2017/10/5,2535.25,2550.75,2534.5,2550,2550,1104438
2017/10/6,2548.75,2549.75,2541.5,2545,2545,1169419
2017/10/8,null,null,null,null,null,null
2017/10/9,2543.25,2550.5,2539.25,2543.75,2543.75,735488
2017/10/10,2543.25,2553.25,2542.75,2548.5,2548.5,1149236
2017/10/11,2548.75,2553.5,2544.25,2553,2553,818238
2017/10/12,2552.25,2553.25,2546.25,2549.5,2549.5,938476
2017/10/13,2548,2555.5,2547,2552.75,2552.75,918541
2017/10/15,null,null,null,null,null,null
2017/10/16,2552.25,2557.75,2550.75,2556.25,2556.25,795923
2017/10/17,2555.5,2557.75,2552.25,2557,2557,738739
2017/10/18,2556.5,2562.25,2556.25,2560,2560,753384
2017/10/19,2560,2561.5,2542.5,2560.5,2560.5,1362805
2017/10/20,2561,2574.5,2559.5,2574,2574,1254054
2017/10/22,null,null,null,null,null,null
2017/10/23,2572.75,2577.25,2561.5,2563.5,2563.5,1272965
2017/10/24,2562.5,2570.25,2562.25,2567.25,2567.25,1047808
2017/10/25,2564.75,2566.25,2541.5,2558.5,2558.5,2099172
2017/10/26,2559.5,2565,2555.5,2561.5,2561.5,1392205
2017/10/27,2561.5,2580.75,2557.5,2578.5,2578.5,1561074
2017/10/29,null,null,null,null,null,null
2017/10/30,2575.5,2578.25,2565.5,2568.25,2568.25,1237600
2017/10/31,2568,2575.5,2566.75,2572.75,2572.75,1051279
2017/11/1,2572.75,2585.5,2571,2574.75,2574.75,1290220
2017/11/2,2571.5,2578.5,2562.25,2576.75,2576.75,1297222
2017/11/3,2577.5,2585.5,2573.5,2582.75,2582.75,992681
2017/11/5,null,null,null,null,null,null
2017/11/6,2580,2590,2575.5,2588.75,2588.75,848119
2017/11/7,2587.75,2593.5,2580.75,2586.75,2586.75,1163840
2017/11/8,2584,2592.5,2579.75,2591,2591,1058023
2017/11/9,2591.25,2594.5,2563.25,2584,2584,2218191
2017/11/10,2582,2585.75,2571.5,2579.5,2579.5,1193217
2017/11/12,null,null,null,null,null,null
2017/11/13,2580.25,2585.5,2570.25,2582,2582,1052173
2017/11/14,2580.25,2582.25,2564.25,2578,2578,1582882
2017/11/15,2576.75,2577,2555.5,2565,2565,1917948
2017/11/16,2564.25,2589.5,2562.25,2585,2585,1528865
2017/11/17,2584.25,2586,2574.75,2576.25,2576.25,1186958
2017/11/19,null,null,null,null,null,null
2017/11/20,2576,2584,2567.75,2582,2582,1000520
2017/11/21,2582,2600.5,2579.25,2596.25,2596.25,1153787
2017/11/22,2595.75,2600,2592.75,2594.5,2594.5,536543
2017/11/24,null,null,null,null,null,null
2017/11/26,null,null,null,null,null,null
2017/11/27,2601,2605.5,2596.5,2601.75,2601.75,960112
2017/11/28,2602.25,2627,2597.5,2626,2626,1558414
2017/11/29,2625.5,2634.25,2619.75,2625,2625,1661775
2017/11/30,2625,2658.5,2621.75,2648,2648,2346236
2017/12/1,2640.75,2650.75,2605,2644,2644,2520826
2017/12/3,null,null,null,null,null,null
2017/12/4,2654.5,2665.25,2633.75,2638.25,2638.25,1756938
2017/12/5,2636,2648.75,2627.25,2628.25,2628.25,1392821
2017/12/6,2626.75,2634.5,2620,2629.25,2629.25,1307666
2017/12/7,2630.5,2641.25,2626.25,2639.5,2639.5,1345485
2017/12/8,2639.5,2652.5,2637.75,2651,2651,1154864
2017/12/10,null,null,null,null,null,null
2017/12/11,2652,2664.75,2649.25,2661.5,2661.5,1266601
2017/12/12,2662.75,2670.25,2660.5,2665,2665,1032184
2017/12/13,2665.5,2672.5,2656.75,2666.5,2666.5,758320
2017/12/14,2665.5,2670.75,2649.25,2653.25,2653.25,473836
2017/12/15,2650,2667.25,2650,2666.75,2666.75,1410847
2017/12/17,null,null,null,null,null,null
2017/12/18,2683,2698,2682.5,2694.5,2694.5,1040769
2017/12/19,2695,2698,2682.5,2684,2684,980483
2017/12/20,2684.75,2695.5,2679,2681.5,2681.5,981223
2017/12/21,2681.5,2696,2680.75,2687.75,2687.75,853748
2017/12/22,2686.75,2691.5,2682.25,2686,2686,360430
2017/12/24,null,null,null,null,null,null
2017/12/26,2686.75,2689.5,2683.5,2687,2687,376101
2017/12/27,2687.5,2691,2681.5,2685.5,2685.5,666329
2017/12/28,2684,2689,2683,2685.75,2685.75,535624
2017/12/29,2684.75,2698.25,2667.75,2676,2676,1092038
2017/12/31,null,null,null,null,null,null
2018/1/2,2675.25,2696,2674.5,2693,2693,996265
2018/1/3,2693.75,2714.25,2692.25,2711,2711,1114548
2018/1/4,2710.25,2729,2708.5,2723.75,2723.75,1166017
2018/1/5,2725,2743.25,2723.75,2742.5,2742.5,1136500
2018/1/7,null,null,null,null,null,null
2018/1/8,2741.75,2748.5,2736.5,2746.75,2746.75,903544
2018/1/9,2746.5,2760,2742.75,2752.25,2752.25,1137598
2018/1/10,2749.75,2752,2736.5,2750.5,2750.5,1289898
2018/1/11,2750,2770.5,2747.75,2769.5,2769.5,1045414
2018/1/12,2768.75,2790,2766.75,2788.75,2788.75,1357120
2018/1/14,null,null,null,null,null,null
2018/1/16,2789.75,2808.5,2769.25,2782.5,2782.5,1981469
2018/1/17,2782.75,2809.5,2779,2803.75,2803.75,1541873
2018/1/18,2803.25,2808,2793.75,2796.25,2796.25,1345331
2018/1/19,2797,2815,2791.75,2811,2811,1363990
2018/1/21,null,null,null,null,null,null
2018/1/22,2804,2838.25,2802,2835.25,2835.25,1179414
2018/1/23,2835.25,2844.75,2828.75,2839.5,2839.5,1282163
2018/1/24,2837,2855.25,2825.5,2841,2841,1885278
2018/1/25,2840,2853.75,2830.75,2841.25,2841.25,1439217
2018/1/26,2842.25,2876,2841.25,2874.5,2874.5,1286287
2018/1/28,null,null,null,null,null,null
2018/1/29,2874.25,2878.5,2851.5,2853.5,2853.5,1395078
2018/1/30,2853.25,2858,2818.5,2824.5,2824.5,2133815
2018/1/31,2823.25,2839.75,2813,2825.75,2825.75,1841227
2018/2/1,2828.75,2837.25,2809.5,2822.5,2822.5,1646906
2018/2/2,2826.5,2831,2755.25,2756.75,2756.75,2532442
2018/2/4,null,null,null,null,null,null
2018/2/5,2757,2763,2595.75,2607.75,2607.75,4009557
2018/2/6,2624,2699.75,2529,2694.25,2694.25,4806868
2018/2/7,2685.5,2726.75,2660.5,2668.25,2668.25,2491133
2018/2/8,2664.75,2686.5,2577,2593.5,2593.5,3121915
2018/2/9,2593.75,2637.75,2530.25,2619,2619,3909443
2018/2/11,null,null,null,null,null,null
2018/2/12,2628.25,2671.5,2620,2655.25,2655.25,2170447
2018/2/13,2653.25,2667.5,2634.25,2661.75,2661.75,1461104
2018/2/14,2662.5,2701.75,2627,2697,2697,2087016
2018/2/15,2695.5,2736.75,2688.5,2734,2734,1668909
2018/2/16,2734,2754.75,2722.25,2735,2735,1738551
2018/2/18,null,null,null,null,null,null
2018/2/20,2734.5,2747.75,2705.75,2714,2714,1447502
2018/2/21,2714.5,2747.75,2693.5,2698.75,2698.75,1661308
2018/2/22,2698.5,2731,2682,2711.5,2711.5,1623017
2018/2/23,2712.75,2750.25,2710,2748.75,2748.75,0
2018/2/25,null,null,null,null,null,null
2018/2/26,2751.5,2786,2742.5,2784.5,2784.5,1256268
2018/2/27,2783.5,2789.75,2742,2747.5,2747.5,1717155
2018/2/28,2746.5,2762,2712,2714.5,2714.5,1876678
2018/3/1,2718.25,2731,2658.5,2678.25,2678.25,2818966
2018/3/2,2678.75,2696,2647,2690.25,2690.25,2171819
2018/3/4,null,null,null,null,null,null
2018/3/5,2683.25,2727.75,2663.75,2718.5,2718.5,1781823
2018/3/6,2719,2734.5,2710.25,2724,2724,1450085
2018/3/7,2700,2730.25,2681.25,2723.25,2723.25,1870360
2018/3/8,2722.5,2740.5,2720,2739.25,2739.25,1502808
2018/3/9,2736.5,2787,2730,2784,2784,1541679
2018/3/11,null,null,null,null,null,null
2018/3/12,2784,2800.5,2779,2784,2784,1232395
2018/3/13,2782.25,2802.5,2758.5,2768.5,2768.5,1232770
2018/3/14,2763,2779.5,2744.25,2749.75,2749.75,766900
2018/3/15,2750.75,2763.5,2741,2751.5,2751.5,358566
2018/3/16,2753.75,2757,2747,2752.75,2752.75,1142517
2018/3/18,null,null,null,null,null,null
2018/3/19,2756.25,2756.5,2697.25,2722.75,2722.75,1986809
2018/3/20,2721.5,2729,2712.75,2723.5,2723.5,1099899
2018/3/21,2723.25,2744,2712.5,2718.25,2718.25,1423759
2018/3/22,2718.25,2726.25,2641.75,2643.25,2643.25,2548609
2018/3/23,2645.75,2658.75,2586,2597.75,2597.75,2875654
2018/3/25,null,null,null,null,null,null
2018/3/26,2595,2662.75,2591,2659.5,2659.5,2302375
2018/3/27,2659.5,2679.75,2596,2615.75,2615.75,2448450
2018/3/28,2612.75,2633.75,2593,2607.5,2607.5,2802883
2018/3/29,2609.75,2659.5,2601,2643,2643,2042949
2018/4/1,null,null,null,null,null,null
2018/4/2,2635,2641.5,2552,2575,2575,2395329
2018/4/3,2581.25,2618.75,2573.5,2613.25,2613.25,2220246
2018/4/4,2612,2649.75,2559.5,2647,2647,2247386
2018/4/5,2645.75,2672.25,2644,2661.75,2661.75,1642890
2018/4/6,2663,2664,2584.5,2605.75,2605.75,2615117
2018/4/8,null,null,null,null,null,null
2018/4/9,2607.5,2653.75,2607.5,2619,2619,1762078
2018/4/10,2617.75,2666.25,2612.25,2655,2655,1998582
2018/4/11,2654.5,2661.25,2626,2641,2641,1637350
2018/4/12,2642.5,2675,2639.75,2664,2664,1301132
2018/4/13,2661.75,2680.5,2644.75,2657.25,2657.25,1711823
2018/4/15,null,null,null,null,null,null
2018/4/16,2673.25,2687,2660.75,2681.75,2681.75,1237183
2018/4/17,2679.25,2713.75,2678.75,2706.5,2706.5,1251766
2018/4/18,2704.5,2718.5,2703.75,2709.75,2709.75,1044851
2018/4/19,2711.75,2713.25,2681.5,2693,2693,1577913
2018/4/20,2692.5,2698.25,2659.75,2671.5,2671.5,1604973
2018/4/22,null,null,null,null,null,null
2018/4/23,2683,2684.75,2657.25,2671.25,2671.25,1239828
2018/4/24,2672,2688.5,2616,2635.25,2635.25,2329880
2018/4/25,2635.25,2648.25,2611.25,2644.5,2644.5,1902899
2018/4/26,2648.25,2677.5,2639.5,2674.5,2674.5,1279539
2018/4/27,2675.5,2676.25,2657.75,2671.5,2671.5,1142350
2018/4/29,null,null,null,null,null,null
2018/4/30,2670.5,2682.25,2645,2647,2647,1341086
2018/5/1,2646.25,2658,2623.25,2652.25,2652.25,1323628
2018/5/2,2655.5,2658.5,2624.25,2627.5,2627.5,1427995
2018/5/3,2626.75,2636.25,2591.25,2631.75,2631.75,2146587
2018/5/4,2631.75,2669.5,2612.25,2663,2663,1699202
2018/5/6,null,null,null,null,null,null
2018/5/7,2662.75,2681.5,2661.25,2670,2670,1148919
2018/5/8,2668,2674.25,2652.25,2670.25,2670.25,1281751
2018/5/9,2669.75,2700,2666.5,2696,2696,1251722
2018/5/10,2696,2725,2692.75,2718.75,2718.75,1173629
2018/5/11,2716.25,2732.5,2716.25,2729.5,2729.5,1066248
2018/5/13,null,null,null,null,null,null
2018/5/14,2727.25,2741.25,2724.25,2731,2731,945963
2018/5/15,2728.5,2731.25,2700.5,2709,2709,1519108
2018/5/16,2711.25,2728,2704.5,2723,2723,1057687
2018/5/17,2721.75,2732,2711,2718.75,2718.75,1071506
2018/5/18,2718.75,2727,2708.75,2713,2713,1013073
2018/5/20,null,null,null,null,null,null
2018/5/21,2728.75,2739.25,2724.25,2733,2733,951913
2018/5/22,2731.25,2741.75,2721.5,2726,2726,891511
2018/5/23,2724.5,2733,2704.5,2730.75,2730.75,1295885
2018/5/24,2729.75,2733.25,2705.75,2727.5,2727.5,1277264
2018/5/25,2726.75,2737.75,2713.75,2718.25,2718.25,993783
2018/5/27,null,null,null,null,null,null
2018/5/29,2721.25,2724.25,2675,2692.25,2692.25,1989677
2018/5/30,2693.25,2729.25,2685.75,2724.5,2724.5,1424364
2018/5/31,2720.25,2728.25,2699.75,2705.5,2705.5,1665452
2018/6/1,2707.5,2737,2706,2733.75,2733.75,1241171
2018/6/3,null,null,null,null,null,null
2018/6/4,2731,2749.25,2729,2745.5,2745.5,857850
2018/6/5,2746,2753.25,2739,2751.5,2751.5,1027609
2018/6/6,2751,2774.75,2748,2772.25,2772.25,1326401
2018/6/7,2773.25,2779.75,2760,2772.25,2772.25,1773923
2018/6/8,2771,2779.75,2752,2778.75,2778.75,1367033
2018/6/10,null,null,null,null,null,null
2018/6/11,2771,2790.5,2770.5,2783,2783,1218834
2018/6/12,2781.25,2789.75,2778.5,2784,2784,988748
2018/6/13,2788,2791.75,2773.75,2774.25,2774.25,614173
2018/6/14,2773.25,2789.25,2767.5,2783.25,2783.25,398105
2018/6/15,2782.5,2784,2766.25,2776.5,2776.5,1512061
2018/6/17,null,null,null,null,null,null
2018/6/18,2780,2786.75,2761.25,2779.75,2779.75,993118
2018/6/19,2778.25,2780.25,2735.75,2766.25,2766.25,1657081
2018/6/20,2765.25,2778.25,2757.25,2772,2772,1082802
2018/6/21,2771.75,2785.25,2747,2752.5,2752.5,1493235
2018/6/22,2750.5,2768.5,2749.25,2759.5,2759.5,1108771
2018/6/24,null,null,null,null,null,null
2018/6/25,2757,2758,2700.5,2722.25,2722.25,2206994
2018/6/26,2721.75,2735.25,2714.75,2728.5,2728.5,1399067
2018/6/27,2726.5,2748,2701,2705,2705,2117686
2018/6/28,2705,2726.25,2693.25,2719.5,2719.5,1678667
2018/6/29,2720,2745.5,2716.75,2721.5,2721.5,1641889
2018/7/1,null,null,null,null,null,null
2018/7/2,2721,2728.5,2698.5,2727.25,2727.25,1213215
2018/7/3,null,null,null,null,null,null
2018/7/5,2713,2739.75,2710.75,2738.5,2738.5,1165235
2018/7/6,2737,2766.25,2731.25,2763,2763,1287758
2018/7/8,null,null,null,null,null,null
2018/7/9,2762,2788,2761.75,2787.5,2787.5,970337
2018/7/10,2787.5,2797.75,2780.5,2796.75,2796.75,925706
2018/7/11,2780.75,2787.75,2765.75,2774,2774,1369176
2018/7/12,2776.75,2801,2773.75,2798.5,2798.5,1120424
2018/7/13,2798.5,2807.25,2793.25,2803.25,2803.25,952307
2018/7/15,null,null,null,null,null,null
2018/7/16,2804.75,2809,2795,2796.5,2796.5,801608
2018/7/17,2795.75,2815.75,2789.75,2811.25,2811.25,1059163
2018/7/18,2813,2818.25,2806.75,2816,2816,860523
2018/7/19,2814.5,2818,2800.25,2805.25,2805.25,1082645
2018/7/20,2805.5,2810.5,2793,2800.75,2800.75,1013663
2018/7/22,null,null,null,null,null,null
2018/7/23,2805.25,2812.5,2792.5,2812,2812,812481
2018/7/24,2810.5,2831.25,2810.25,2821,2821,1347688
2018/7/25,2819.25,2849.5,2814,2841.25,2841.25,1302896
2018/7/26,2835.25,2846.5,2833.25,2842.5,2842.5,1039552
2018/7/27,2840.25,2847,2808.75,2817.5,2817.5,1492056
2018/7/29,null,null,null,null,null,null
2018/7/30,2816,2821.75,2798.25,2803.25,2803.25,1169457
2018/7/31,2805.5,2827.75,2802.75,2817,2817,1366896
2018/8/1,2824.25,2825.75,2805.5,2810.75,2810.75,1098291
2018/8/2,2814,2831.25,2791,2828.5,2828.5,1238138
2018/8/3,2830.75,2841.5,2824.75,2839.5,2839.5,922242
2018/8/5,null,null,null,null,null,null
2018/8/6,2841.5,2853.5,2835,2850,2850,797324
2018/8/7,2849.25,2863.75,2848.25,2859.75,2859.75,780222
2018/8/8,2860.5,2862.5,2852.5,2855.25,2855.25,745412
2018/8/9,2853.5,2862.75,2850.5,2853.75,2853.75,696695
2018/8/10,2852.5,2852.75,2826,2836.75,2836.75,1416182
2018/8/12,null,null,null,null,null,null
2018/8/13,2835.75,2843.75,2820,2825.5,2825.5,1282874
2018/8/14,2826.75,2843.5,2825.75,2841,2841,1022577
2018/8/15,2841.75,2843,2803,2821.25,2821.25,1871800
2018/8/16,2822.25,2851.75,2817.5,2844.75,2844.75,1271529
2018/8/17,2843.5,2857,2835,2852.25,2852.25,1202980
2018/8/19,null,null,null,null,null,null
2018/8/20,2851.75,2860.75,2850.25,2858.5,2858.5,817383
2018/8/21,2856.75,2874,2852,2861.75,2861.75,1055051
2018/8/22,2853,2868.25,2846.25,2861.25,2861.25,996434
2018/8/23,2861.75,2869.75,2854.75,2858,2858,1050042
2018/8/24,2858.25,2877.5,2856.25,2876.75,2876.75,1058571
2018/8/26,null,null,null,null,null,null
2018/8/27,2877.75,2899.5,2876.75,2898.5,2898.5,961496
2018/8/28,2899,2906.25,2894.25,2899.25,2899.25,902705
2018/8/29,2900.5,2917.5,2897.5,2914.75,2914.75,1113797
2018/8/30,2915.75,2916.25,2895.5,2902,2902,1331841
2018/8/31,2898,2907.5,2891.75,2902,2902,1323038
2018/9/2,null,null,null,null,null,null
2018/9/4,2906.5,2912.5,2885.5,2898.25,2898.25,1605954
2018/9/5,2898.75,2900.5,2877.5,2888.25,2888.25,1604742
2018/9/6,2888.5,2893,2868,2879,2879,1633946
2018/9/7,2877.75,2885,2865,2874.75,2874.75,1692240
2018/9/9,null,null,null,null,null,null
2018/9/10,2873.75,2888.25,2873.25,2880.25,2880.25,1248308
2018/9/11,2879.75,2893,2867.25,2889.75,2889.75,1269254
2018/9/12,2890,2895.25,2879.5,2888.5,2888.5,1581597
2018/9/13,2887,2907,2884.75,2905.25,2905.25,1641192
2018/9/14,2904.75,2912.25,2896.75,2906.25,2906.25,1203335
2018/9/16,null,null,null,null,null,null
2018/9/17,2903.5,2906.25,2887.25,2891,2891,1161598
2018/9/18,2890.5,2912.5,2878.5,2906.5,2906.5,986831
2018/9/19,2907.75,2913.75,2900.75,2910,2910,563497
2018/9/20,2911.25,2935.75,2908.25,2934,2934,360700
2018/9/21,2934.75,2944,2932.25,2943,2943,1489417
2018/9/23,null,null,null,null,null,null
2018/9/24,2929.5,2930.25,2917.75,2925.5,2925.5,1162107
2018/9/25,2926.5,2934.25,2918.25,2921.25,2921.25,1032045
2018/9/26,2922.5,2936,2907.5,2911.5,2911.5,1308995
2018/9/27,2911.5,2932,2907.5,2920,2920,1210835
2018/9/28,2922.25,2925.5,2908,2919,2919,1429127
2018/9/30,null,null,null,null,null,null
2018/10/1,2922.5,2942,2922.5,2930,2930,1239963
2018/10/2,2929.25,2936,2917.5,2928.5,2928.5,1132507
2018/10/3,2929,2944.75,2924.75,2931.5,2931.5,1244514
2018/10/4,2926,2926.25,2887.75,2907.75,2907.75,2165850
2018/10/5,2910,2915.5,2873.25,2894,2894,2291213
2018/10/7,null,null,null,null,null,null
2018/10/8,2897.5,2898.25,2866,2893.75,2893.75,1760642
2018/10/9,2892.25,2900,2874.5,2888.25,2888.25,1770753
2018/10/10,2886.75,2891.25,2771.5,2781,2781,3460738
2018/10/11,2776.5,2798.75,2712.25,2745.5,2745.5,4013855
2018/10/12,2748.5,2785,2732.25,2768.5,2768.5,2853415
2018/10/14,null,null,null,null,null,null
2018/10/15,2770,2778.75,2745.25,2749,2749,1763922
2018/10/16,2747.5,2819,2745.5,2817.75,2817.75,1780311
2018/10/17,2816.25,2824.25,2783.25,2816.25,2816.25,1948526
2018/10/18,2813.25,2814.75,2756.5,2772.25,2772.25,2218738
2018/10/19,2774.75,2800.5,2762.25,2767.5,2767.5,2023613
2018/10/21,null,null,null,null,null,null
2018/10/22,2758,2782,2749.75,2756.5,2756.5,1665740
2018/10/23,2755.75,2757.5,2692.25,2746.25,2746.25,2849774
2018/10/24,2745.25,2750,2652.25,2664.25,2664.25,2856919
2018/10/25,2673.75,2723.75,2658.75,2688.25,2688.25,2535913
2018/10/26,2678,2692.75,2627.25,2669.5,2669.5,3509803
2018/10/28,null,null,null,null,null,null
2018/10/29,2667,2707,2603,2643.5,2643.5,2786555
2018/10/30,2639,2690.25,2633.25,2685.25,2685.25,2503396
2018/10/31,2690.75,2737.25,2682,2711,2711,2469662
2018/11/1,2706,2741.25,2705.5,2738,2738,1820142
2018/11/2,2724,2766.25,2699.5,2724.25,2724.25,2372699
2018/11/4,null,null,null,null,null,null
2018/11/5,2722.5,2743.75,2712.75,2739.5,2739.5,1311938
2018/11/6,2739,2761,2729.75,2759,2759,1269341
2018/11/7,2756.75,2817.75,2744.75,2816.5,2816.5,1894012
2018/11/8,2815.75,2818,2795,2808.75,2808.75,1317225
2018/11/9,2804,2811.25,2764.5,2779,2779,1724880
2018/11/11,null,null,null,null,null,null
2018/11/12,2778.75,2795.25,2722.25,2727.75,2727.75,1921301
2018/11/13,2732,2755.75,2714.5,2727.5,2727.5,2101869
2018/11/14,2731.25,2748.25,2686.25,2698.5,2698.5,2295505
2018/11/15,2702,2736.75,2671.25,2734.5,2734.5,2383852
2018/11/16,2731.75,2748.75,2708.75,2743,2743,1875116
2018/11/18,null,null,null,null,null,null
2018/11/19,2733,2748,2681.5,2696.25,2696.25,1988117
2018/11/20,2696.25,2696.75,2631.75,2640,2640,2533128
2018/11/21,2639.75,2671.25,2632.25,2649,2649,1454916
2018/11/23,null,null,null,null,null,null
2018/11/25,null,null,null,null,null,null
2018/11/26,2633.5,2676.25,2631.5,2670,2670,1374735
2018/11/27,2661,2686.75,2655.25,2683.5,2683.5,1503048
2018/11/28,2686.25,2745,2681,2741.5,2741.5,1866115
2018/11/29,2738,2754.5,2723.25,2744.25,2744.25,1489330
2018/11/30,2742,2764.75,2729,2758.25,2758.25,1475346
2018/12/2,null,null,null,null,null,null
2018/12/3,2793.5,2814,2773.5,2790.75,2790.75,1909240
2018/12/4,2789.75,2790.5,2696,2701.75,2701.75,2709938
2018/12/6,2713.25,2714,2621.25,2691,2691,3308356
2018/12/7,2694.25,2709.75,2623.25,2636,2636,2596155
2018/12/9,null,null,null,null,null,null
2018/12/10,2625,2648.5,2583,2643,2643,2564357
2018/12/11,2644,2678,2621.25,2641.25,2641.25,2265284
2018/12/12,2632.5,2686.5,2631.75,2652.5,2652.5,1900862
2018/12/13,2653,2671,2637.25,2645.5,2645.5,2043406
2018/12/14,2646.5,2648.75,2594,2602,2602,1664325
2018/12/16,null,null,null,null,null,null
2018/12/17,2594,2613.75,2530.5,2552.5,2552.5,1602680
2018/12/18,2553.75,2574.75,2528,2535.75,2535.75,1215895
2018/12/19,2530.5,2593.25,2488,2503.25,2503.25,823819
2018/12/20,2503.5,2517.5,2441,2485.75,2485.75,630214
2018/12/21,2487,2491.25,2466.75,2467.75,2467.75,3016623
2018/12/23,null,null,null,null,null,null
2018/12/24,null,null,null,null,null,null
2018/12/26,2348.5,2477.75,2316.75,2471,2471,2015176
2018/12/27,2470.25,2498.75,2397,2495,2495,2283892
2018/12/28,2491.5,2523,2472.75,2486,2486,2011392
2018/12/30,null,null,null,null,null,null
2018/12/31,2495.5,2513,2482.75,2505.25,2505.25,1414594
2019/1/2,2508,2521.25,2452.25,2511,2511,1969697
2019/1/3,2482.25,2493.5,2443.25,2447.75,2447.75,2257341
2019/1/4,2451.75,2539.25,2438.5,2531.25,2531.25,2350836
2019/1/6,null,null,null,null,null,null
2019/1/7,2537.25,2567.5,2523.25,2550.5,2550.5,1632131
2019/1/8,2553.25,2581.25,2547.5,2572.5,2572.5,1664892
2019/1/9,2569.5,2596.75,2568.5,2582.5,2582.5,1596941
2019/1/10,2580,2599.5,2560.5,2594,2594,1534119
2019/1/11,2594,2597.75,2577,2595,2595,1213026
2019/1/13,null,null,null,null,null,null
2019/1/14,2588.5,2592,2567.25,2580.5,2580.5,1199404
2019/1/15,2581.5,2613.75,2580,2605.5,2605.5,1532494
2019/1/16,2605.75,2626.25,2602.5,2613.25,2613.25,1330329
2019/1/17,2614.5,2645.5,2596.5,2635.25,2635.25,1508869
2019/1/18,2636.75,2677.75,2632.75,2671.5,2671.5,1753852
2019/1/20,null,null,null,null,null,null
2019/1/22,2669.25,2673.5,2616.5,2632,2632,1880446
2019/1/23,2630.75,2653.75,2612.5,2638.25,2638.25,1576181
2019/1/24,2635,2647.5,2626,2634,2634,1266714
2019/1/25,2636.25,2672.5,2634.5,2663.5,2663.5,1388741
2019/1/27,null,null,null,null,null,null
2019/1/28,2660,2663.5,2622.25,2642,2642,1408636
2019/1/29,2640.25,2650,2628.5,2640.25,2640.25,1261703
2019/1/30,2648.5,2689.75,2636.25,2682.5,2682.5,1564987
2019/1/31,2683.5,2713,2675.75,2704.5,2704.5,1935195
2019/2/1,2707.75,2716,2695.5,2704.25,2704.25,1469597
2019/2/3,null,null,null,null,null,null
2019/2/4,2699.25,2725,2697,2721.25,2721.25,1024581
2019/2/5,2719.5,2737.75,2716.25,2731,2731,1225737
2019/2/6,2730.75,2736.5,2722.25,2729.5,2729.5,1196377
2019/2/7,2727,2729.25,2685.5,2704,2704,1921663
2019/2/8,2702,2709,2680.75,2706.25,2706.25,1579544
2019/2/10,null,null,null,null,null,null
2019/2/11,2710.75,2721.5,2700.5,2708.25,2708.25,1110070
2019/2/12,2707,2748,2705.5,2744.75,2744.75,1307152
2019/2/13,2743.5,2762,2742.75,2749.5,2749.5,1209879
2019/2/14,2749.25,2763,2730.25,2743.5,2743.5,1679091
2019/2/15,2741.25,2778.5,2729,2777,2777,1518783
2019/2/17,null,null,null,null,null,null
2019/2/19,2777,2787.5,2766,2778.75,2778.75,1198092
2019/2/20,2777.75,2790.75,2773.25,2787,2787,1284923
2019/2/21,2787,2798,2764.25,2774.25,2774.25,1426061
2019/2/22,2773.5,2795.5,2770.5,2791.25,2791.25,1190834
2019/2/24,null,null,null,null,null,null
2019/2/25,2799.5,2814,2794.5,2797,2797,1256092
2019/2/26,2795.75,2803.5,2783.25,2791.5,2791.5,1201641
2019/2/27,2788,2797.25,2775,2795,2795,1138855
2019/2/28,2795.25,2795.75,2781.75,2784.75,2784.75,1360457
2019/3/1,2785.25,2808.25,2783,2805,2805,1265597
2019/3/3,null,null,null,null,null,null
2019/3/4,2814,2819.75,2767.5,2791.5,2791.5,1791972
2019/3/5,2790.5,2799,2783.25,2791.5,2791.5,1203448
2019/3/6,2786.5,2792.75,2768.5,2771.5,2771.5,1509846
2019/3/7,2770.5,2776.25,2738.5,2750,2750,1919820
2019/3/8,2749,2751.5,2722,2747,2747,1380324
2019/3/10,null,null,null,null,null,null
2019/3/11,2745.5,2787.5,2736.75,2784,2784,1300372
2019/3/12,2784.75,2798.25,2780.5,2792,2792,958317
2019/3/13,2792.25,2821.25,2783,2814.5,2814.5,583009
2019/3/14,2816,2820,2803.75,2807.25,2807.25,330522
2019/3/15,2808,2821.5,2807.5,2811.889893,2811.889893,1382358
2019/3/17,null,null,null,null,null,null
2019/3/18,2827,2842,2824,2840.5,2840.5,1036540
2019/3/19,2841.5,2858.75,2829,2836.5,2836.5,1497577
2019/3/20,2837.25,2849.25,2817.25,2827,2827,1693207
2019/3/21,2823.75,2866,2813.75,2862.5,2862.5,1657949
2019/3/22,2859.5,2864.75,2805.25,2810.75,2810.75,2254842
2019/3/24,null,null,null,null,null,null
2019/3/25,2813,2818.5,2789.5,2807,2807,1801326
2019/3/26,2808.5,2835,2806,2823,2823,1461068
2019/3/27,2823.5,2831.75,2791.75,2810.5,2810.5,1726746
2019/3/28,2807,2824.25,2795,2821,2821,1185882
2019/3/29,2820.5,2840.75,2820.25,2837.75,2837.75,1491974
2019/3/31,null,null,null,null,null,null
2019/4/1,2844.5,2873.5,2844.5,2870.5,2870.5,1256933
2019/4/2,2868.5,2873.75,2862.25,2867,2867,859942
2019/4/3,2866,2889.25,2865.25,2879.75,2879.75,1240848
2019/4/4,2880.75,2885.75,2871,2882.75,2882.75,1045539
2019/4/5,2882.5,2898,2880.5,2896,2896,1221029
2019/4/7,null,null,null,null,null,null
2019/4/8,2896.25,2899.75,2884.25,2898.25,2898.25,978909
2019/4/9,2898.5,2900,2877.25,2882.5,2882.5,1182395
2019/4/10,2882,2896,2878,2894.5,2894.5,972310
2019/4/11,2894.75,2900,2885.25,2891.75,2891.75,968649
2019/4/12,2892,2914.75,2890.75,2912.5,2912.5,1227893
2019/4/14,null,null,null,null,null,null
2019/4/15,2912,2914.5,2900.5,2909.5,2909.5,955662
2019/4/16,2910.25,2921.25,2904.5,2911.5,2911.5,1124491
2019/4/17,2910.25,2923.5,2898.5,2900.5,2900.5,1382265
2019/4/18,2901,2911.75,2889.5,2910,2910,1335778
2019/4/21,null,null,null,null,null,null
2019/4/22,2908.75,2915.75,2899,2912.5,2912.5,706067
2019/4/23,2911.75,2939.75,2908,2938,2938,1193738
2019/4/24,2937.25,2939.75,2927.75,2930.75,2930.75,1125250
2019/4/25,2930,2935.75,2914.25,2926.25,2926.25,1376185
2019/4/26,2923.75,2942.75,2917.25,2941.5,2941.5,1246988
2019/4/28,null,null,null,null,null,null
2019/4/29,2939.25,2951.5,2937.75,2943,2943,944846
2019/4/30,2942.5,2956.5,2926,2948.5,2948.5,1491268
2019/5/1,2955,2961.25,2916,2923,2923,1502201
2019/5/2,2916.5,2932.75,2901,2917.5,2917.5,1813837
2019/5/3,2918.5,2949.5,2916.5,2947.5,2947.5,1295606
2019/5/5,null,null,null,null,null,null
2019/5/6,2917.75,2938.25,2883.5,2932.5,2932.5,2037157
2019/5/7,2911.75,2930.5,2862.5,2890.75,2890.75,2813033
2019/5/8,2889.75,2899.5,2868.75,2887.25,2887.25,2043325
2019/5/9,2884,2885.5,2836.25,2872.75,2872.75,2705412
2019/5/10,2869.75,2893,2826,2887,2887,2848095
2019/5/12,null,null,null,null,null,null
2019/5/13,2858.5,2869.25,2802,2807,2807,2790074
2019/5/14,2806,2853.75,2799.75,2839.25,2839.25,1797995
2019/5/15,2840.75,2860,2815,2855,2855,1753507
2019/5/16,2853.5,2894,2840.5,2878.5,2878.5,1687728
2019/5/17,2879.75,2887.5,2852.5,2862,2862,1926351
2019/5/19,null,null,null,null,null,null
2019/5/20,2861.5,2876.5,2832.5,2844,2844,1659139
2019/5/21,2848,2870.75,2846.25,2866,2866,1303238
2019/5/22,2864.75,2869.5,2848.25,2857.5,2857.5,1258767
2019/5/23,2857.75,2858.5,2805.75,2819.5,2819.5,2013518
2019/5/24,2821.75,2842,2819.25,2831.75,2831.75,1201967
2019/5/26,null,null,null,null,null,null
2019/5/28,2831,2841.25,2800.5,2805,2805,1633540
2019/5/29,2804.25,2806,2766.25,2780,2780,2087458
2019/5/30,2779.5,2799,2776.5,2790.5,2790.5,1282029
2019/5/31,2788.75,2791,2750,2752.5,2752.5,2211587
2019/6/2,null,null,null,null,null,null
2019/6/3,2741,2763.75,2728.75,2749.5,2749.5,2297243
2019/6/4,2754,2806.25,2744,2805,2805,1836910
2019/6/5,2806.5,2829.5,2801,2827.75,2827.75,1743779
2019/6/6,2820.5,2853,2812.75,2845.75,2845.75,1566762
2019/6/7,2840,2886.25,2838,2875,2875,1687328
2019/6/9,null,null,null,null,null,null
2019/6/10,2893.25,2905.75,2880.5,2889.25,2889.25,1416247
2019/6/11,2890.25,2911.5,2879.25,2887,2887,1397028
2019/6/12,2887.25,2891,2875.25,2881,2881,1205406
2019/6/13,2882,2896.5,2867.25,2894.5,2894.5,1437516
2019/6/14,2893.75,2898.75,2880.5,2890.5,2890.5,1257750
2019/6/16,null,null,null,null,null,null
2019/6/17,2890.75,2900.75,2887.75,2892,2892,1157402
2019/6/18,2893.5,2931.75,2884.5,2921.75,2921.75,1073047
2019/6/19,2920.5,2932.5,2909,2929,2929,638949
2019/6/20,2926.75,2960,2926,2955.75,2955.75,473310
2019/6/21,2953.75,2956,2944,2953.899902,2953.899902,1547604
2019/6/23,null,null,null,null,null,null
2019/6/24,2948,2961.75,2947.25,2952,2952,910166
2019/6/25,2951,2958.25,2920,2922,2922,1417191
2019/6/26,2922.5,2939,2914.5,2918,2918,1232682
2019/6/27,2914.75,2935.75,2914.75,2931,2931,1060248
2019/6/28,2932.75,2955.25,2930,2944.25,2944.25,1322759
2019/6/30,2970,2977.5,2968.5,2970.25,2970.25,3910453
2019/7/1,2970,2981.75,2955.5,2967.75,2967.75,1457722
2019/7/2,2968,2980,2958.5,2979.5,2979.5,1119495
2019/7/3,null,null,null,null,null,null
2019/7/5,3000.75,3006,2971.25,2990.5,2990.5,1339312
2019/7/7,2990.75,2994.75,2988.5,2989,2989,657743
2019/7/8,2990.75,2994.75,2973.25,2978.5,2978.5,1016611
2019/7/9,2977.75,2986.25,2963.5,2982,2982,956650
2019/7/10,2982.25,3007.5,2971.25,2997.5,2997.5,1422362
2019/7/11,2996,3006.75,2992.5,3004,3004,1181911
2019/7/12,3003,3018,3002.25,3015.5,3015.5,969956
2019/7/14,3015.25,3016.75,3013.25,3013.5,3013.5,417079
2019/7/15,3015.25,3023.5,3010.75,3017.25,3017.25,829936
2019/7/16,3017.25,3021.75,3004.5,3007,3007,939814
2019/7/17,3005.75,3013,2980.5,2985,2985,1039457
2019/7/18,2980.75,3005.25,2974.5,2997.5,2997.5,1345038
2019/7/19,3003.75,3009.75,2969.5,2977,2977,1482373
2019/7/21,2974.5,2980,2972.5,2979.5,2979.5,1098849
2019/7/22,2974.5,2993.5,2972.5,2989,2989,1098399
2019/7/23,2988.75,3008.5,2987.5,3008,3008,1056909
2019/7/24,3003,3022,2996,3021.5,3021.5,1068766
2019/7/25,3018,3027.75,2998,3006.5,3006.5,1333721
2019/7/26,3006.5,3029.5,3006,3024.5,3024.5,961015
2019/7/28,3022,3026,3022,3023.5,3023.5,538104
2019/7/29,3022,3027.25,3015.5,3021.75,3021.75,823572
2019/7/30,3022.25,3027.5,3001.5,3012.25,3012.25,1182050
2019/7/31,3016.25,3020.75,2958,2982.25,2982.25,1951108
2019/8/1,2970.25,3014.25,2944.5,2952,2952,2736926
2019/8/2,2950.25,2961,2913.5,2932.5,2932.5,2447014
2019/8/4,2929.25,2931.75,2925.25,2926.75,2926.75,1074260
2019/8/5,2929.25,2933.5,2820.5,2830,2830,3072122
2019/8/6,2816.25,2883.75,2775.75,2876,2876,2601037
2019/8/7,2873.75,2891.5,2823.25,2880.5,2880.5,2680813
2019/8/8,2879,2940.75,2870.5,2940,2940,1800667
2019/8/9,2928,2935.75,2899,2919.75,2919.75,2026304
2019/8/11,2918.75,2926.5,2914.5,2916.5,2916.5,902330
2019/8/12,2918.75,2931,2872.5,2880.25,2880.25,1710875
2019/8/13,2882.25,2944.25,2866.75,2932,2932,2184012
2019/8/14,2931,2936.5,2835.75,2840.75,2840.75,2786308
2019/8/15,2836,2871.75,2817.75,2848.5,2848.5,2495340
2019/8/16,2851,2894.75,2849.5,2891.5,2891.5,1631175
2019/8/18,2893,2907.75,2892.5,2903.75,2903.75,1808239
2019/8/19,2893,2932.25,2892.5,2923.75,2923.75,1285798
2019/8/20,2921.25,2932.25,2894.25,2898.25,2898.25,1475214
2019/8/21,2893.25,2932.5,2893,2929.25,2929.25,1180368
2019/8/22,2931.25,2939.75,2904.25,2922.25,2922.25,1470309
2019/8/23,2920.25,2936.75,2834,2855.5,2855.5,2864662
2019/8/25,2831,2831.25,2810.25,2824.25,2824.25,6057749
2019/8/26,2831,2888.5,2810.25,2883.25,2883.25,1850231
2019/8/27,2882.75,2899.5,2860,2865.5,2865.5,1528362
2019/8/28,2866.25,2890.5,2851.75,2889.75,2889.75,1489617
2019/8/29,2883.25,2930.75,2875.25,2926.75,2926.75,1489670
2019/8/30,2923.25,2946.5,2913.25,2924.75,2924.75,1642516
2019/9/1,2901,2910,2895.25,2909.75,2909.75,2099663
2019/9/3,2901,2926.5,2889,2906,2906,1999829
2019/9/4,2903,2939.5,2902,2938.5,2938.5,1252834
2019/9/5,2938,2986.5,2936.5,2972,2972,1669999
2019/9/6,2970.75,2988.25,2970.25,2980.75,2980.75,1182287
2019/9/8,2980.25,2985.5,2980,2982,2982,703090
2019/9/9,2980.25,2991.5,2969.5,2978.25,2978.25,1199935
2019/9/10,2979.25,2985,2957.25,2978.5,2978.5,1493346
2019/9/11,2979,3004.25,2972,3002,3002,1423833
2019/9/12,3003,3021.75,3001,3011.75,3011.75,1745651
2019/9/13,3010,3023.75,3003.5,3006.5,3006.5,1275710
2019/9/15,2993.5,2997.5,2985.25,2989,2989,2233154
2019/9/16,2993.5,3003.25,2981.25,2999,2999,1197095
2019/9/17,3001.75,3006.5,2991.5,3005.5,3005.5,1096388
2019/9/18,3006,3011,2978.5,3006.25,3006.25,637344
2019/9/19,3008,3022.25,2988.75,3006,3006,372849
2019/9/20,3005.5,3015.5,3001.75,3013.610107,3013.610107,1476593
2019/9/22,2995.75,3008.25,2995.75,3002.75,3002.75,2239870
2019/9/23,2995.75,3008.25,2982,2997,2997,1044218
2019/9/24,3001,3012.25,2958.5,2970.25,2970.25,1936806
2019/9/25,2971,2991.75,2953.75,2986.25,2986.25,1501723
2019/9/26,2985.75,2995,2964.25,2980.5,2980.5,1351351
2019/9/27,2979.75,2993,2946.25,2963.75,2963.75,1673557
2019/9/29,2976,2980.25,2965.5,2970.5,2970.5,1628438
2019/9/30,2976,2986.25,2964.5,2978.5,2978.5,1155807
2019/10/1,2984,2994.5,2937,2937.75,2937.75,1601531
2019/10/2,2942.25,2949,2874,2880.5,2880.5,2126769
2019/10/3,2883.75,2912.5,2855,2911.75,2911.75,2037970
2019/10/4,2911.5,2953.25,2896.75,2951,2951,1497975
2019/10/6,2929.75,2942.75,2928,2941.75,2941.75,1947134
2019/10/7,2929.75,2959.5,2928,2937.5,2937.5,1266872
2019/10/8,2934.5,2950,2890.5,2892.5,2892.5,1865325
2019/10/9,2893.5,2934.25,2888.25,2919,2919,1305749
2019/10/10,2920.5,2954,2881.75,2941,2941,1577766
2019/10/11,2949,2994,2941.75,2970.75,2970.75,1743810
2019/10/13,2968,2981.75,2967.5,2979.5,2979.5,1268636
2019/10/14,2968,2982.5,2953.75,2965.5,2965.5,833670
2019/10/15,2966.75,3003.25,2966.5,2997.75,2997.75,1181207
2019/10/16,2996.5,2997.75,2984.75,2991.5,2991.5,1148118
2019/10/17,2992.25,3008,2985.25,2998,2998,1121748
2019/10/18,2997.75,3001.25,2975,2988.25,2988.25,1335276
2019/10/20,2984.75,2991,2983.75,2990.25,2990.25,1093450
2019/10/21,2984.75,3007.5,2983.75,3006.5,3006.5,886557
2019/10/22,3006.5,3014.25,2988.25,2994.5,2994.5,1125601
2019/10/23,2992,3006,2982,3005.75,3005.75,1055958
2019/10/24,3006,3015.25,2998.75,3004.25,3004.25,1061278
2019/10/25,3003.75,3026.5,3000,3020.25,3020.25,1098391
2019/10/27,3023,3026,3022.75,3024.25,3024.25,763880
2019/10/28,3023,3042.75,3022.75,3036.25,3036.25,1041931
2019/10/29,3038.25,3046.25,3029.5,3035.75,3035.75,1040149
2019/10/30,3036.5,3055,3023.25,3047.75,3047.75,1179153
2019/10/31,3051.75,3052,3020.25,3035.75,3035.75,1766536
2019/11/1,3036,3065,3033,3063.25,3063.25,1279508
2019/11/3,3064.75,3069,3064.75,3068.25,3068.25,396619
2019/11/4,3064.75,3083.75,3064.75,3075.75,3075.75,1179714
2019/11/5,3076.75,3085.75,3069.75,3072,3072,1124217
2019/11/6,3071.5,3078,3063,3075.5,3075.5,1076833
2019/11/7,3077.25,3097,3070.25,3086,3086,1353330
2019/11/8,3086.25,3092.5,3072.5,3090.5,3090.5,1080147
2019/11/10,3090.5,3092.25,3089.25,3089.75,3089.75,250212
2019/11/11,3090.5,3092.25,3074.5,3087.5,3087.5,844597
2019/11/12,3087.75,3102,3081.25,3092,3092,1101243
2019/11/13,3091.25,3097,3075.75,3095.5,3095.5,1251057
2019/11/14,3096.25,3099.75,3081.75,3097,3097,1105353
2019/11/15,3097,3119.5,3095.75,3118.25,3118.25,1251167
2019/11/17,3119,3119.25,3114,3114,3114,314606
2019/11/18,3119,3127.75,3111,3121.75,3121.75,1034214
2019/11/19,3121.5,3132.5,3112.75,3118.5,3118.5,1195901
2019/11/20,3116.5,3118.5,3090.75,3109,3109,1693828
2019/11/21,3097.25,3114.5,3091.25,3104,3104,1434552
2019/11/22,3104,3114.5,3097.75,3111.5,3111.5,995416
2019/11/24,3119,3121,3116.5,3118.25,3118.25,378247
2019/11/25,3119,3133.5,3116.5,3132.75,3132.75,947831
2019/11/26,3131.25,3145,3128,3143.75,3143.75,1068011
2019/11/27,3143.75,3155,3141.75,3153.75,3153.75,928792
2019/11/29,null,null,null,null,null,null
2019/12/1,3146.25,3148,3144.25,3146.75,3146.75,334155
2019/12/2,3146.25,3158,3110.25,3114.25,3114.25,1927030
2019/12/3,3114.25,3121.75,3069.5,3091,3091,2146620
2019/12/4,3091.75,3119.5,3081.75,3111,3111,1485940
2019/12/5,3111,3124.75,3103.25,3117.75,3117.75,1318780
2019/12/6,3117.75,3151,3117,3146,3146,1300299
2019/12/8,3146.5,3148.5,3146,3146.75,3146.75,214387
2019/12/9,3146.5,3149.5,3131.25,3134.5,3134.5,1145426
2019/12/10,3133.5,3143,3116.25,3136,3136,1425723
2019/12/11,3135.5,3144.5,3129.5,3143,3143,1225764
2019/12/12,3144,3177.5,3137.25,3168,3168,2379008
2019/12/13,3175.75,3185,3156.75,3172,3172,1834941
2019/12/15,3176.5,3177.25,3173.75,3176,3176,286701
2019/12/16,3176.5,3198.75,3173.75,3194.25,3194.25,1413219
2019/12/17,3192.5,3199.25,3187.75,3192,3192,1032120
2019/12/18,3189.5,3199,3188.5,3194.75,3194.75,582632
2019/12/19,3195,3209,3190.25,3207,3207,433420
2019/12/20,3208.5,3231.02002,3204.25,3231.02002,3231.02002,1320006
2019/12/22,3227,3229,3224.75,3228,3228,192174
2019/12/23,3227,3234.25,3224.25,3227.25,3227.25,665895
2019/12/24,null,null,null,null,null,null
2019/12/26,3227.5,3244.75,3227,3244.5,3244.5,464639
2019/12/27,3242,3254,3235.5,3237.5,3237.5,984389
2019/12/29,3238.25,3241.25,3238,3240.75,3240.75,212453
2019/12/30,3238.25,3244.25,3217.25,3223.5,3223.5,1124598
2019/12/31,3223.25,3236.25,3213,3231,3231,1157924
2020/1/2,3237,3261.75,3234.25,3259,3259,1416241
2020/1/3,3261,3263.5,3206.75,3235.5,3235.5,1755057
2020/1/5,3220.25,3223.75,3216.25,3222,3222,1002909
2020/1/6,3220.25,3249.5,3208.75,3243.5,3243.5,1502748
2020/1/7,3243.5,3254.5,3226,3235.25,3235.25,1293494
2020/1/8,3231.75,3267.75,3181,3260.25,3260.25,2279138
2020/1/9,3261.25,3276.75,3257.75,3276,3276,1297679
2020/1/10,3275.5,3287,3260.75,3264.75,3264.75,1533121
2020/1/12,3265.75,3271.5,3265.5,3270.25,3270.25,304502
2020/1/13,3265.75,3291,3265.5,3289.75,3289.75,1008998
2020/1/14,3289.25,3296.75,3275.25,3288,3288,1694799
2020/1/15,3287.75,3299,3277.75,3293.75,3293.75,1468347
2020/1/16,3294.25,3318,3294,3316.5,3316.5,1335246
2020/1/17,3316.75,3330.25,3316,3325,3325,1312253
2020/1/19,3325,3327.75,3323.25,3327.75,3327.75,340135
2020/1/21,3325,3329.75,3307.25,3319.5,3319.5,1573187
2020/1/22,3321.25,3337.5,3315.25,3319.75,3319.75,1505107
2020/1/23,3317.25,3327,3301.25,3326,3326,1717046
2020/1/24,3326.5,3337,3280.5,3293.5,3293.5,2515168
2020/1/26,3269.75,3269.75,3252.25,3258.5,3258.5,3392426
2020/1/27,3269.75,3269.75,3233,3239.5,3239.5,2581636
2020/1/28,3239.5,3285,3238.75,3278.25,3278.25,1910878
2020/1/29,3281.75,3292.75,3265.25,3272.5,3272.5,1665382
2020/1/30,3271.5,3295.25,3239.75,3289.75,3289.75,2421276
2020/1/31,3292,3297.5,3212.75,3224,3224,3152069
2020/2/2,3222.75,3236.25,3222,3231,3231,2120471
2020/2/3,3222.75,3267.25,3222,3245.5,3245.5,1919477
2020/2/4,3244.25,3305.25,3236,3299.5,3299.5,1698403
2020/2/5,3300.25,3338,3288.25,3335,3335,2046111
2020/2/6,3337,3357.75,3332.5,3345.25,3345.25,1462323
2020/2/7,3349,3350,3320.75,3325.5,3325.5,1698940
2020/2/9,3322.25,3329.25,3303.5,3311.75,3311.75,1442939
2020/2/10,3322.25,3353.5,3303.5,3353,3353,1399815
2020/2/11,3351,3374.5,3349.25,3357.5,3357.5,1486164
2020/2/12,3360.5,3381.5,3355.5,3380.5,3380.5,1229231
2020/2/13,3381.25,3384.75,3348.5,3377.5,3377.5,1772784
2020/2/14,3379.5,3388.5,3365.25,3381,3381,1334897
2020/2/16,3382.25,3389.5,3382,3388.25,3388.25,441298
2020/2/18,3382.25,3392.5,3355.25,3369.25,3369.25,1735931
2020/2/19,3372,3393.75,3370.75,3387.25,3387.25,1163426
2020/2/20,3391.75,3397.5,3339.25,3369.25,3369.25,2073749
2020/2/21,3367,3369.25,3328,3339.25,3339.25,2293728
2020/2/23,3309,3312,3289.5,3299.25,3299.25,3029530
2020/2/24,3309,3312,3213.75,3226.25,3226.25,3636687
2020/2/25,3223,3259.5,3117.25,3132.5,3132.5,4375530
2020/2/26,3138,3182,3091,3110.25,3110.25,3889097
2020/2/27,3100.25,3117,2944.5,2957,2957,4734434
2020/2/28,2950,2996,2853.25,2951,2951,5715227
2020/3/1,2950,2996,2853.25,2957,2957,5499126
2020/3/2,2900,3093.25,2889.25,3065,3065,3689149
2020/3/3,3077,3137,2973,2997,2997,3754363
2020/3/4,2988.25,3129.5,2976.5,3114.75,3114.75,2590464
2020/3/5,3109.25,3113.75,2996.5,3015.5,3015.5,2807262
2020/3/6,3024.25,3037,2898,2964,2964,3163400
2020/3/8,3024.25,3037,2898,3015.5,3015.5,3010973
2020/3/9,2916,2916,2715,2747.75,2747.75,2672753
2020/3/10,2733,2884.75,2695.25,2865.75,2865.75,3423140
2020/3/11,2859.5,2869.5,2702.75,2740.25,2740.25,2992894
2020/3/12,2738,2774,2442.5,2469,2469,4366577
2020/3/13,2429.5,2707.75,2393.5,2696,2696,3423449
2020/3/15,2429.5,2707.75,2393.5,2468.899902,2468.899902,3295273
2020/3/16,2673.75,2675,2360.25,2416.25,2416.25,2378284
2020/3/17,2417.25,2554.5,2365,2495.5,2495.5,1683796
2020/3/18,2478.5,2498,2274.75,2414,2414,976536
2020/3/19,2414.25,2474,2288,2403.25,2403.25,631228
2020/3/20,2364.25,2512.75,2346.25,2437.97998,2437.97998,3075997
2020/3/22,2220.25,2229,2174,2191.5,2191.5,3393230
2020/3/23,2220.25,2386,2174,2220.5,2220.5,3076791
2020/3/24,2233.25,2447.75,2230.5,2438,2438,2639522
2020/3/25,2442.75,2560.75,2386,2467,2467,3037767
2020/3/26,2471,2625.75,2402.25,2608,2608,2413913
2020/3/27,2627.75,2634.5,2505.25,2524,2524,2320755
2020/3/29,2459,2498.25,2445,2494.75,2494.75,6316426
2020/3/30,2459,2621.75,2445,2611.25,2611.25,1837692
2020/3/31,2613.25,2635.75,2555.75,2569.75,2569.75,2248012
2020/4/1,2562,2562.25,2434.25,2448,2448,2091378
2020/4/2,2459,2525,2424.75,2516.5,2516.5,2145458
2020/4/3,2513.75,2529.5,2449,2482.75,2482.75,1763886
2020/4/5,null,null,null,null,null,null
2020/4/6,2485,2668.5,2484.75,2644.5,2644.5,2034419
2020/4/7,2645.5,2750,2623.5,2642,2642,2486524
2020/4/8,2640.5,2752.5,2620.75,2735,2735,1920688
2020/4/9,2737.75,2809.5,2701,2779.75,2779.75,2342733
2020/4/12,2811,2819.5,2717.25,2742.5,2742.5,5538554
2020/4/13,2811,2819.5,2711,2759.25,2759.25,1571402
2020/4/14,2760,2846,2752.5,2843,2843,1716496
2020/4/15,2843.75,2845.5,2751.25,2775,2775,1831570
2020/4/16,2767.75,2831.5,2746,2787.5,2787.5,1749108
2020/4/17,2863,2885,2821,2870,2870,1924019
2020/4/19,2848.75,2853.5,2842,2847.5,2847.5,2620971
2020/4/20,2861.5,2875.5,2804.25,2806.5,2806.5,1566934
2020/4/21,2807,2833.25,2717.25,2732,2732,1969844
2020/4/22,2737.25,2808,2717.25,2788.5,2788.5,1369529
2020/4/23,2790.5,2836.75,2772.75,2780.75,2780.75,1703918
2020/4/24,2777,2835,2755.25,2829.5,2829.5,1293756
2020/4/26,2824.25,2825,2812.75,2817.5,2817.5,2218412
2020/4/27,2829,2881.25,2812.75,2869,2869,1224445
2020/4/28,2867.75,2913.5,2851,2867.25,2867.25,1614021
2020/4/29,2870.5,2959.75,2860.75,2941,2941,1737371
2020/4/30,2956.5,2965,2878,2902.5,2902.5,2027924
2020/5/1,2871.5,2879.75,2811.75,2821.75,2821.75,1647259
2020/5/3,2789,2797,2773,2776.25,2776.25,4799147
2020/5/4,2789,2835.75,2771,2825.25,2825.25,1510680
2020/5/5,2827,2889.75,2824.5,2858.25,2858.25,1474765
2020/5/6,2857.75,2886.25,2832,2833.5,2833.5,1466641
2020/5/7,2832,2895,2823,2880,2880,1494330
2020/5/8,2882,2933,2879.75,2928.5,2928.5,1326254
2020/5/10,2920.75,2939,2916,2936.25,2936.25,2169711
2020/5/11,2920.75,2947,2889.75,2922.75,2922.75,1528302
2020/5/12,2919.25,2939.25,2838,2852.5,2852.5,1824303
2020/5/13,2839.75,2876.75,2786,2813,2813,2591379
2020/5/14,2820.25,2853.75,2760.25,2847,2847,2501222
2020/5/15,2846.25,2863.5,2809.5,2846.5,2846.5,1897194
2020/5/17,2859.75,2873.75,2850,2868.25,2868.25,2066682
2020/5/18,2859.75,2964.75,2850,2948,2948,1775433
2020/5/19,2945,2976.25,2914.25,2918.75,2918.75,1567224
2020/5/20,2913.5,2975.75,2908.5,2968.5,2968.5,1532404
2020/5/21,2972.25,2973.5,2933,2937,2937,1608225
2020/5/22,2936.75,2957.5,2903.75,2953,2953,1377263
2020/5/24,2965.5,2969.5,2962.25,2967,2967,851283
2020/5/26,2948.5,3019.75,2947.5,2994.5,2994.5,1797241
2020/5/27,2994,3039.5,2965.5,3035.5,3035.5,2109332
2020/5/28,3035,3065.5,3019.5,3038,3038,1881295
2020/5/29,3036,3058.25,2992,3042,3042,2258009
2020/5/31,3029.75,3034.75,3008,3025.5,3025.5,5007149
2020/6/1,3029.75,3059,3008,3054,3054,1277803
2020/6/2,3052.75,3079,3035,3077,3077,1458830
2020/6/3,3078,3129.5,3074.25,3117.75,3117.75,1623708
2020/6/4,3117.75,3126.75,3087.5,3110.5,3110.5,1830904
2020/6/5,3113.25,3210.5,3106.5,3186.75,3186.75,2444330
2020/6/7,3192.5,3211.5,3187.5,3208.75,3208.75,2791007
2020/6/8,3192.5,3231.25,3183.25,3227.5,3227.5,1602601
2020/6/9,3227.75,3231,3190,3205.5,3205.5,1695764
2020/6/10,3204.75,3227.25,3179.75,3186,3186,1996065
2020/6/11,3183.75,3188.5,2996.25,3010.25,3010.25,3528726
2020/6/12,3011.75,3087.75,2982,3034.75,3034.75,2872339
2020/6/14,2992.75,3008.75,2980.75,2994.5,2994.5,2968059
2020/6/15,2992.75,3079.25,2935,3073,3073,1947459
2020/6/16,3076.25,3167.75,3071.25,3128.75,3128.75,1377224
2020/6/17,3122,3157.75,3105,3118,3118,610877
2020/6/18,3115,3130.5,3075.25,3109,3109,373718
2020/6/19,3108.25,3196,3106.75,3161.26001,3161.26001,1952273
2020/6/21,3040.25,3055.75,3027.25,3054.25,3054.25,4272275
2020/6/22,3040.25,3114.25,3027.25,3110.75,3110.75,1392325
2020/6/23,3111.75,3145.75,3060,3118.5,3118.5,1528485
2020/6/24,3113.25,3128.5,3019.75,3049,3049,2387916
2020/6/25,3046.75,3079.5,3005,3070.75,3070.75,1967245
2020/6/26,3071.25,3082,2992.5,3007,3007,2208418
2020/6/28,2986.25,3004.25,2983.5,3002.75,3002.75,3532799
2020/6/29,2986.25,3051.25,2983.5,3047.75,3047.75,1585146
2020/6/30,3046,3101.25,3030.25,3090.25,3090.25,1724164
2020/7/1,3085.25,3117.75,3062.75,3103,3103,1537321
2020/7/2,3101.75,3156.5,3095.5,3129,3129,1552517
2020/7/5,3121.25,3134.5,3115.5,3133.75,3133.75,1414204
2020/7/6,3125.25,3174.5,3105.75,3172,3172,1459512
2020/7/7,3170,3184,3132.5,3136.5,3136.5,1333466
2020/7/8,3135.25,3166.25,3125.5,3163.5,3163.5,1527612
2020/7/9,3166.25,3170.75,3105.25,3141,3141,1881833
2020/7/10,3142.25,3181.25,3111.5,3178.5,3178.5,1408591
2020/7/12,3183.5,3199,3183.5,3190.5,3190.5,2577157
2020/7/13,3183.5,3226.25,3140.5,3148.25,3148.25,2074726
2020/7/14,3149.75,3192.25,3119,3183.5,3183.5,2256766
2020/7/15,3204,3233.25,3192,3219.5,3219.5,1937696
2020/7/16,3223.25,3228.5,3188.5,3194.5,3194.5,1471311
2020/7/17,3198.5,3225.25,3194.75,3214,3214,1261113
2020/7/19,3214.5,3222,3212.25,3221.75,3221.75,1392576
2020/7/20,3214.5,3250.5,3190.25,3245.25,3245.25,1401168
2020/7/21,3243.75,3273.25,3239.25,3251.25,3251.25,1463931
2020/7/22,3249.25,3271.75,3227.25,3265.5,3265.5,1354244
2020/7/23,3267.75,3284.5,3214.25,3227.5,3227.5,1704453
2020/7/24,3230,3239,3191.5,3204,3204,1761346
2020/7/26,3210.75,3213.5,3192,3201,3201,2737447
2020/7/27,3210.75,3235,3192,3232.25,3232.25,1299512
2020/7/28,3235,3246.75,3208,3213,3213,1375293
2020/7/29,3215,3257,3204.25,3252.5,3252.5,1218031
2020/7/30,3256.75,3269,3195,3248.75,3248.75,2000721
2020/7/31,3269.25,3273.75,3212.5,3263.5,3263.5,2282794
2020/8/2,3272,3273.75,3255.75,3260.5,3260.5,1528864
2020/8/3,3272,3295.5,3254.75,3288.5,3288.5,1250449
2020/8/4,3290.75,3300.5,3271,3300,3300,1145269
2020/8/5,3300.75,3323.25,3292,3316,3316,1116787
2020/8/6,3317,3345.5,3300.5,3344.25,3344.25,1116787
2020/8/7,3343.75,3347.75,3322.25,3344.75,3344.75,1615367
2020/8/9,3347,3347,3335,3341,3341,1858615
2020/8/10,3347,3357.25,3329,3352.75,3352.75,1201751
2020/8/11,3350.25,3379,3319.5,3330,3330,1733040
2020/8/12,3339.5,3382.5,3326.25,3370,3370,1408718
2020/8/13,3367.75,3382,3357.5,3367.75,3367.75,1205758
2020/8/14,3369.25,3380.5,3350,3361.5,3361.5,1084771
2020/8/16,3366,3369,3365.5,3368.25,3368.25,673340
2020/8/17,3366,3382.75,3364.75,3379.75,3379.75,759304
2020/8/18,3379.25,3390.75,3365.25,3387,3387,1019552
2020/8/19,3388.75,3395.75,3365.5,3372.75,3372.75,1368420
2020/8/20,3370.25,3387,3344.75,3380.75,3380.75,1203334
2020/8/21,3383.5,3396.25,3356.75,3392.5,3392.5,1221450
2020/8/23,3398.75,3401.5,3395,3400,3400,1552048
2020/8/24,3398.75,3429.5,3393.5,3427.5,3427.5,1282950
2020/8/25,3427,3448.75,3421.75,3443,3443,1133837
2020/8/26,3444.75,3483.5,3436.75,3480.25,3480.25,1277539
2020/8/27,3479.5,3498.25,3464.75,3485.25,3485.25,1633581
2020/8/28,3488,3509.5,3480.75,3504.5,3504.5,1248430
2020/8/30,3508.5,3517.75,3508.5,3517.25,3517.25,1037326
2020/8/31,3508.5,3524.5,3490,3499,3499,1439600
2020/9/1,3493.25,3530,3484.25,3527,3527,1283622
2020/9/2,3529,3587,3526.25,3579.25,3579.25,1853078
2020/9/3,3578.75,3586.5,3424.5,3461.5,3461.5,2872337
2020/9/4,3454.75,3484.25,3347.75,3417.5,3417.5,2994363
2020/9/6,null,null,null,null,null,null
2020/9/8,3420.5,3447,3327.5,3335.5,3335.5,2732946
2020/9/9,3315.25,3424,3295.5,3400.25,3400.25,2011132
2020/9/10,3396,3424.25,3327.25,3340.5,3340.5,2332667
2020/9/11,3345.25,3375,3308.75,3333.75,3333.75,1876451
2020/9/13,null,null,null,null,null,null
2020/9/14,3350,3402.75,3345.5,3382.5,3382.5,1378626
2020/9/15,3379.5,3419,3376,3405.25,3405.25,874366
2020/9/16,3405,3429.75,3384,3389.5,3389.5,571749
2020/9/17,3392.75,3396.5,3320.5,3361.5,3361.5,384917
2020/9/18,3355.75,3374.25,3341.75,3353.600098,3353.600098,2365554
2020/9/20,null,null,null,null,null,null
2020/9/21,3314.5,3326.25,3217.75,3275,3275,2507980
2020/9/22,3271.5,3309.5,3256.5,3299.25,3299.25,1576319
2020/9/23,3303.75,3319.75,3221,3231.25,3231.25,1979661
2020/9/24,3228,3268.25,3198,3238,3238,2277010
2020/9/25,3243.5,3296.25,3206.5,3287.25,3287.25,1697090
2020/9/27,null,null,null,null,null,null
2020/9/28,3291,3351.25,3287.5,3346,3346,1495804
2020/9/29,3348.75,3363,3316.5,3333.75,3333.75,1326597
2020/9/30,3330,3384,3291.25,3352,3352,2170601
2020/10/1,3344.75,3388,3343.25,3367.75,3367.75,1517912
2020/10/2,3367,3375.5,3300.25,3339.25,3339.25,2028921
2020/10/4,null,null,null,null,null,null
2020/10/5,3360,3400,3346.5,3393,3393,1077474
2020/10/6,3392,3421.75,3330.5,3353.25,3353.25,1701062
2020/10/7,3338,3416.75,3332.25,3406.75,3406.75,1400616
2020/10/8,3406.25,3447.25,3405.5,3437.5,3437.5,1104986
2020/10/9,3447.25,3480,3445.25,3473.25,3473.25,1185272
2020/10/11,null,null,null,null,null,null
2020/10/12,3467.5,3541,3464.25,3532.75,3532.75,1401063
2020/10/13,3534,3535.75,3491.5,3504.75,3504.75,1617226
2020/10/14,3502,3524,3472,3481,3481,1539718
2020/10/15,3479.25,3486.5,3431.5,3475.5,3475.5,1650150
2020/10/16,3478.5,3508.5,3461.25,3462.25,3462.25,1398947
2020/10/18,null,null,null,null,null,null
2020/10/19,3471,3496.5,3410.75,3422.75,3422.75,1645853
2020/10/20,3436,3469.75,3418.75,3432.25,3432.25,1702183
2020/10/21,3437,3458,3420.5,3432.5,3432.5,1681275
2020/10/22,3430.25,3453,3402.5,3449.25,3449.25,1501259
2020/10/23,3455.75,3462.5,3431.5,3451.75,3451.75,1216313
2020/10/25,null,null,null,null,null,null
2020/10/26,3445.75,3446.25,3356,3393.5,3393.5,1957780
2020/10/27,3394.25,3410,3368.25,3383,3383,1566246
2020/10/28,3369,3370.25,3260.75,3263.5,3263.5,2627180
2020/10/29,3279,3333.75,3250.25,3302.25,3302.25,1965277
2020/10/30,3268,3296.25,3225,3264.75,3264.75,2494925
2020/11/1,null,null,null,null,null,null
2020/11/2,3260,3323.5,3243.25,3300.5,3300.5,1849320
2020/11/3,3304,3382.75,3301.25,3361.5,3361.5,1664690
2020/11/4,3362.75,3480,3319,3435,3435,2813083
2020/11/5,3448,3522.5,3428.25,3504.75,3504.75,1671417
2020/11/6,3508.75,3519,3456.75,3500.75,3500.75,1640000
2020/11/8,null,null,null,null,null,null
2020/11/9,3522.5,3668,3515.75,3544,3544,2605322
2020/11/10,3549.5,3562.75,3506.5,3541,3541,2160319
2020/11/11,3546.25,3576.75,3531,3568,3568,1324983
2020/11/12,3574.5,3574.5,3513,3532.5,3532.5,1685890
2020/11/13,3537.5,3590,3518,3582,3582,1334530
2020/11/15,null,null,null,null,null,null
2020/11/16,3587,3637,3586.5,3623,3623,1303941
2020/11/17,3625.5,3630,3584.25,3606.75,3606.75,1268206
2020/11/18,3604.5,3623.25,3556.5,3565,3565,1325309
2020/11/19,3562,3582.75,3542.25,3580,3580,1291117
2020/11/20,3560,3582.5,3542.75,3554.25,3554.25,1189621
2020/11/22,null,null,null,null,null,null
2020/11/23,3546.5,3588,3545.5,3576,3576,1204848
2020/11/24,3576,3640,3575.25,3632.75,3632.75,1288993
2020/11/25,3635.5,3655,3615.25,3627.25,3627.25,1016343
2020/11/27,null,null,null,null,null,null
2020/11/29,null,null,null,null,null,null
2020/11/30,3643.75,3652,3592.25,3623.25,3623.25,1712274
2020/12/1,3631,3677.5,3626,3660.5,3660.5,1365328
2020/12/2,3661.25,3672.75,3642.25,3667.25,3667.25,1106696
2020/12/3,3671,3682,3655.25,3664.5,3664.5,1124033
2020/12/4,3668.25,3700,3665.5,3698,3698,991860
2020/12/6,null,null,null,null,null,null
2020/12/7,3694.75,3705,3672.25,3690.75,3690.75,1078372
2020/12/8,3682.75,3708,3664.25,3702,3702,1119000
2020/12/9,3707.75,3714.75,3659.5,3672.5,3672.5,1792176
2020/12/10,3669.5,3681.25,3644,3668.5,3668.5,1601203
2020/12/11,3670,3674.75,3628.25,3661.25,3661.25,1538362
2020/12/13,null,null,null,null,null,null
2020/12/14,3677.75,3698,3642.75,3646.5,3646.5,1486250
2020/12/15,3653,3695.75,3642.75,3694.5,3694.5,1029503
2020/12/16,3697.75,3711.5,3687,3700.75,3700.75,584711
2020/12/17,3704.5,3724.75,3699.5,3721.25,3721.25,292916
2020/12/18,3721.5,3733.25,3707.75,3726.25,3726.25,1731161
2020/12/20,null,null,null,null,null,null
2020/12/21,3718.25,3724,3596,3685.75,3685.75,1837575
2020/12/22,3685,3695,3663.75,3677.25,3677.25,1104998
2020/12/23,3674.25,3701.75,3651,3681.5,3681.5,1021819
2020/12/24,null,null,null,null,null,null
2020/12/27,null,null,null,null,null,null
2020/12/28,3682,3732.25,3676,3727.5,3727.5,760654
2020/12/29,3731,3747.75,3714.5,3720,3720,992636
2020/12/30,3724.5,3738.25,3716.5,3724.25,3724.25,769995
2020/12/31,3725,3753,3715,3748.75,3748.75,993343
2021/1/3,null,null,null,null,null,null
2021/1/4,3748.75,3773.25,3652.5,3692.25,3692.25,2037616
2021/1/5,3695,3730,3673.25,3718.25,3718.25,1414022
2021/1/6,3717.5,3774.75,3685.5,3740.5,3740.5,2127155
2021/1/7,3752.5,3804,3742,3795.5,3795.5,1302021
2021/1/8,3797.75,3824.5,3775,3817.5,3817.5,1619438
2021/1/10,null,null,null,null,null,null
2021/1/11,3815.5,3820.75,3776.5,3792,3792,1292422
2021/1/12,3794.25,3806.75,3768,3794.5,3794.5,1216214
2021/1/13,3792,3813.5,3776.5,3803.75,3803.75,1049186
2021/1/14,3808.5,3817.75,3786.25,3791.25,3791.25,1170812
2021/1/15,3793,3797.75,3741.5,3762.25,3762.25,1781463
2021/1/17,null,null,null,null,null,null
2021/1/19,3750,3797,3740.5,3790.5,3790.5,1315580
2021/1/20,3796.75,3852.5,3788.5,3845,3845,1248787
2021/1/21,3841.5,3859.75,3836.5,3846,3846,1248787
