Date,Open,High,Low,Treasury,Adj Close,Volume
2016/1/22,159.375,159.843994,158.188004,159.031006,159.031006,270137
2016/1/24,null,null,null,null,null,null
2016/1/25,158.938004,160.061996,158.75,159.625,159.625,187901
2016/1/26,160.061996,160.875,159.468994,160.156006,160.156006,189809
2016/1/27,160.156006,160.438004,158.968994,160,160,199337
2016/1/28,159.875,160.656006,159.125,160.061996,160.061996,280679
2016/1/29,160.188004,161.843994,159.906006,161.031006,161.031006,327517
2016/1/31,null,null,null,null,null,null
2016/2/1,161.25,161.688004,160.468994,160.531006,160.531006,219539
2016/2/2,160.906006,163.531006,160.875,163.031006,163.031006,294507
2016/2/3,163.438004,164.218994,162.156006,162.375,162.375,391465
2016/2/4,162.218994,163.25,161.656006,162.75,162.75,300176
2016/2/5,163.188004,163.688004,162.125,163.25,163.25,351374
2016/2/7,null,null,null,null,null,null
2016/2/8,163.5,166.125,162.875,166.031006,166.031006,363230
2016/2/9,165.688004,167.281006,165.25,166.125,166.125,375240
2016/2/10,166.25,167.906006,165.25,167.061996,167.061996,329883
2016/2/11,167.843994,170.811996,167.688004,168.343994,168.343994,558537
2016/2/12,168.218994,168.656006,166.156006,166.468994,166.468994,341455
2016/2/14,null,null,null,null,null,null
2016/2/15,null,null,null,null,null,null
2016/2/16,166.311996,166.5,165.061996,165.718994,165.718994,334470
2016/2/17,165.781006,166.375,163.938004,164.561996,164.561996,321814
2016/2/18,164.561996,166.593994,164.343994,166.093994,166.093994,273777
2016/2/19,166.561996,167.125,165.688004,166.593994,166.593994,300491
2016/2/21,null,null,null,null,null,null
2016/2/22,166.531006,166.688004,165.843994,166.188004,166.188004,219566
2016/2/23,166.468994,167.438004,164.781006,166.75,166.75,444435
2016/2/24,167.093994,168.781006,166.281006,166.688004,166.688004,539441
2016/2/25,166.406006,167.968994,166.156006,167.343994,167.343994,504471
2016/2/26,166.843994,166.968994,165.311996,165.625,165.625,274906
2016/2/28,null,null,null,null,null,null
2016/2/29,165.531006,166.25,165.468994,165.875,165.875,56605
2016/3/1,165.968994,166.656006,163.468994,163.688004,163.688004,21577
2016/3/2,163.843994,164.281006,163.375,164,164,18494
2016/3/3,164.156006,165.218994,163.811996,164.811996,164.811996,5902
2016/3/4,164.781006,165.906006,162.938004,163.593994,163.593994,7206
2016/3/6,null,null,null,null,null,null
2016/3/7,163.781006,163.781006,163.125,163.656006,163.656006,3713
2016/3/8,163.625,166.125,163.625,165.281006,165.281006,2779
2016/3/9,165.311996,165.311996,164,164.188004,164.188004,902
2016/3/10,164.781006,165.156006,163,163.718994,163.718994,1789
2016/3/11,163.781006,164.125,162.343994,162.561996,162.561996,829
2016/3/13,null,null,null,null,null,null
2016/3/14,162.5,163.343994,162.343994,162.811996,162.811996,573
2016/3/15,162.811996,163.843994,162.625,163.031006,163.031006,2290
2016/3/16,163,163.531006,162.468994,162.843994,162.843994,6707
2016/3/17,163.311996,164.438004,163.188004,164.061996,164.061996,945
2016/3/18,164.218994,165,164.093994,164.561996,164.561996,2485
2016/3/20,null,null,null,null,null,null
2016/3/21,164.593994,164.593994,163.125,163.531006,163.531006,184913
2016/3/22,161.906006,163,161.656006,161.906006,161.906006,211622
2016/3/23,161.75,163.593994,161.531006,163.5,163.5,208911
2016/3/24,163.281006,164.311996,162.5,163.031006,163.031006,194221
2016/3/27,null,null,null,null,null,null
2016/3/28,162.906006,163.718994,162.531006,163.531006,163.531006,103993
2016/3/29,163.188004,164.75,163,164.5,164.5,210009
2016/3/30,164.593994,164.656006,162.718994,163.468994,163.468994,251908
2016/3/31,163.593994,164.75,163.311996,164.438004,164.438004,236679
2016/4/1,164.561996,165.311996,164.031006,164.375,164.375,253220
2016/4/3,null,null,null,null,null,null
2016/4/4,164.906006,165.188004,164.281006,164.656006,164.656006,134575
2016/4/5,165,166.468994,164.938004,166.218994,166.218994,205577
2016/4/6,166.218994,166.218994,165,165.343994,165.343994,180773
2016/4/7,165.311996,167.188004,165.125,167,167,192422
2016/4/8,167.093994,167.093994,165.781006,166.188004,166.188004,163275
2016/4/10,null,null,null,null,null,null
2016/4/11,166.25,166.781006,165.343994,166.093994,166.093994,155923
2016/4/12,166,166.188004,164.875,165.031006,165.031006,188549
2016/4/13,165.125,166.031006,164.781006,165.875,165.875,205658
2016/4/14,165.688004,166.061996,164.656006,165.311996,165.311996,238430
2016/4/15,165.188004,166.531006,165.031006,166.125,166.125,180393
2016/4/17,null,null,null,null,null,null
2016/4/18,166.438004,166.718994,164.843994,165.375,165.375,195810
2016/4/19,165.531006,165.561996,164.406006,165.061996,165.061996,216446
2016/4/20,165.093994,165.906006,163.25,163.406006,163.406006,281575
2016/4/21,163.531006,163.75,162.156006,162.688004,162.688004,287597
2016/4/22,162.843994,163.093994,162.093994,162.468994,162.468994,203354
2016/4/24,null,null,null,null,null,null
2016/4/25,162.468994,162.811996,161.656006,161.938004,161.938004,175827
2016/4/26,161.75,162.188004,160.968994,161.218994,161.218994,219322
2016/4/27,161.25,162.75,161.188004,162.688004,162.688004,223078
2016/4/28,162.593994,163.5,162.031006,162.75,162.75,241160
2016/4/29,163.093994,163.5,161.811996,163.311996,163.311996,279411
2016/5/1,null,null,null,null,null,null
2016/5/2,163.031006,163.531006,161.938004,162.188004,162.188004,185130
2016/5/3,161.938004,164.311996,161.938004,163.843994,163.843994,268379
2016/5/4,163.843994,164.688004,163.438004,164.375,164.375,208397
2016/5/5,164.561996,165.688004,163.968994,165.406006,165.406006,221754
2016/5/6,165.375,166.5,164.875,165.031006,165.031006,266767
2016/5/8,null,null,null,null,null,null
2016/5/9,165.061996,165.811996,164.718994,165.468994,165.468994,179518
2016/5/10,165.781006,165.938004,165.188004,165.561996,165.561996,200755
2016/5/11,165.561996,166.656006,165.343994,166.188004,166.188004,208155
2016/5/12,166.218994,166.406006,165.031006,165.438004,165.438004,252437
2016/5/13,165.593994,166.811996,165.531006,166.718994,166.718994,261380
2016/5/15,null,null,null,null,null,null
2016/5/16,166.718994,166.906006,165.438004,165.561996,165.561996,188377
2016/5/17,165.561996,166.25,165.188004,165.75,165.75,228113
2016/5/18,165.468994,165.718994,163.125,163.25,163.25,373868
2016/5/19,163.688004,164.561996,163.25,164.343994,164.343994,269908
2016/5/20,164.156006,164.531006,163.561996,164.25,164.25,189894
2016/5/22,null,null,null,null,null,null
2016/5/23,164.281006,165,164.093994,164.468994,164.468994,205195
2016/5/24,164.656006,164.938004,163.406006,164.061996,164.061996,336627
2016/5/25,164.093994,164.406006,163.531006,163.593994,163.593994,412332
2016/5/26,163.718994,164.656006,163.531006,164.561996,164.561996,337611
2016/5/27,164.281006,164.593994,163.843994,164.311996,164.311996,214437
2016/5/29,null,null,null,null,null,null
2016/5/31,164,164.75,163.093994,164.718994,164.718994,57024
2016/6/1,164.343994,165.938004,164.188004,164.938004,164.938004,24721
2016/6/2,165.188004,166.406006,165.093994,166.061996,166.061996,9717
2016/6/3,166.156006,168.25,166,168,168,16229
2016/6/5,null,null,null,null,null,null
2016/6/6,168.156006,168.343994,167.218994,167.531006,167.531006,5208
2016/6/7,167.281006,168.125,167.093994,167.906006,167.906006,4409
2016/6/8,167.75,168.5,167.75,168.281006,168.281006,1806
2016/6/9,168.311996,169.468994,168.311996,168.968994,168.968994,3822
2016/6/10,168.906006,170.343994,168.906006,169.781006,169.781006,989
2016/6/12,null,null,null,null,null,null
2016/6/13,169.811996,170.281006,169.625,170.218994,170.218994,1705
2016/6/14,170.343994,171.281006,170.125,170.375,170.375,1374
2016/6/15,170.375,171.125,169.906006,170.656006,170.656006,2716
2016/6/16,171.718994,172.531006,171.281006,171.625,171.625,490
2016/6/17,171,171.375,170.438004,170.593994,170.593994,1021
2016/6/19,null,null,null,null,null,null
2016/6/20,170.311996,170.311996,169.093994,169.468994,169.468994,1230
2016/6/21,169.438004,169.843994,168.968994,169.311996,169.311996,177873
2016/6/22,167.281006,167.875,167.125,167.718994,167.718994,161620
2016/6/23,167.468994,167.468994,165.875,166.093994,166.093994,195767
2016/6/24,165.843994,173.781006,165.781006,169.968994,169.968994,509380
2016/6/26,null,null,null,null,null,null
2016/6/27,171.125,173.561996,170.875,173.156006,173.156006,268396
2016/6/28,173.468994,173.781006,172.531006,173.093994,173.093994,243272
2016/6/29,173.125,173.688004,172,173,173,257380
2016/6/30,172.031006,173.718994,171.031006,172.343994,172.343994,413739
2016/7/1,172.688004,175.343994,172.656006,173.688004,173.688004,287841
2016/7/3,null,null,null,null,null,null
2016/7/5,174.406006,176.406006,173.75,176.25,176.25,247924
2016/7/6,175.843994,177.125,175.531006,175.875,175.875,291388
2016/7/7,176.25,176.688004,175.281006,176.25,176.25,251017
2016/7/8,176.343994,177.281006,175.031006,176.938004,176.938004,274043
2016/7/10,null,null,null,null,null,null
2016/7/11,177.093994,177.343994,175.625,175.688004,175.688004,200907
2016/7/12,175.843994,176.218994,173.218994,173.811996,173.811996,313824
2016/7/13,173.843994,175.218994,173.781006,174.968994,174.968994,249884
2016/7/14,174.906006,175.125,172.468994,173,173,291808
2016/7/15,172.938004,173.438004,171.406006,171.656006,171.656006,234879
2016/7/17,null,null,null,null,null,null
2016/7/18,171.811996,172.561996,170.968994,171.561996,171.561996,171700
2016/7/19,171.781006,172.688004,171.688004,172.218994,172.218994,166895
2016/7/20,172.375,172.406006,171,171.468994,171.468994,152010
2016/7/21,171.343994,171.75,169.968994,171.468994,171.468994,259257
2016/7/22,171.625,172.281006,170.688004,171.625,171.625,208978
2016/7/24,null,null,null,null,null,null
2016/7/25,171.781006,172.156006,171.156006,171.561996,171.561996,145806
2016/7/26,171.625,172.718994,171.218994,171.875,171.875,213057
2016/7/27,171.781006,173.593994,170.968994,173.218994,173.218994,241264
2016/7/28,173.531006,173.718994,172.531006,173.343994,173.343994,214186
2016/7/29,173.406006,174.688004,171.781006,174.438004,174.438004,316084
2016/7/31,null,null,null,null,null,null
2016/8/1,174.561996,174.593994,172.625,173.593994,173.593994,218726
2016/8/2,172.688004,173.061996,171.125,172.343994,172.343994,297116
2016/8/3,171.968994,172.656006,171.438004,172.156006,172.156006,203141
2016/8/4,172.156006,173.811996,171.781006,173.156006,173.156006,222315
2016/8/5,173.311996,173.656006,171.343994,171.561996,171.561996,247061
2016/8/7,null,null,null,null,null,null
2016/8/8,171.375,171.875,170.656006,171.656006,171.656006,167001
2016/8/9,171.468994,172.938004,171.25,172.718994,172.718994,168777
2016/8/10,172.625,173.688004,172.561996,173.468994,173.468994,179521
2016/8/11,173.406006,173.5,171.593994,171.781006,171.781006,208052
2016/8/12,172.031006,173.938004,171.875,172.968994,172.968994,220359
2016/8/14,null,null,null,null,null,null
2016/8/15,173.093994,173.375,171.531006,171.75,171.75,157184
2016/8/16,171.656006,172.5,171.031006,171.093994,171.093994,262934
2016/8/17,171.188004,172.061996,170.875,171.593994,171.593994,196186
2016/8/18,171.906006,172.25,171.281006,171.906006,171.906006,180086
2016/8/19,172,172.031006,170.438004,171.093994,171.093994,195488
2016/8/21,null,null,null,null,null,null
2016/8/22,170.938004,172.5,170.656006,172.375,172.375,190994
2016/8/23,172.343994,173.031006,171.656006,172.438004,172.438004,227810
2016/8/24,172.688004,172.811996,171.875,172.25,172.25,229275
2016/8/25,172.156006,172.561996,171.311996,171.718994,171.718994,438302
2016/8/26,171.688004,173.093994,170.281006,170.311996,170.311996,460461
2016/8/28,null,null,null,null,null,null
2016/8/29,170.343994,172.156006,170.218994,172.093994,172.093994,381336
2016/8/30,172.031006,172.061996,171.438004,171.781006,171.781006,226280
2016/8/31,171.843994,172.093994,171.311996,171.843994,171.843994,42013
2016/9/1,171.718994,172.281006,170.625,171.938004,171.938004,23105
2016/9/2,171.906006,172.781006,170.25,170.968994,170.968994,13359
2016/9/4,null,null,null,null,null,null
2016/9/6,170.843994,172.5,170.311996,172.125,172.125,6238
2016/9/7,172.406006,172.938004,172.156006,172.188004,172.188004,4084
2016/9/8,172.343994,172.468994,169.688004,169.906006,169.906006,3807
2016/9/9,170.218994,170.468994,168.061996,168.375,168.375,7206
2016/9/11,null,null,null,null,null,null
2016/9/12,168.625,168.625,167.968994,168.343994,168.343994,899
2016/9/13,168.656006,169,166.311996,166.811996,166.811996,1392
2016/9/14,166.718994,167.811996,166.625,167.406006,167.406006,1167
2016/9/15,167,167.375,166.188004,166.938004,166.938004,578
2016/9/16,167.531006,167.718994,167.125,167.188004,167.188004,249
2016/9/18,null,null,null,null,null,null
2016/9/19,167.343994,167.688004,166.968994,167.25,167.25,585
2016/9/20,167.593994,168.156006,167.281006,167.531006,167.531006,1105
2016/9/21,166.031006,167.343994,165.906006,167.343994,167.343994,274911
2016/9/22,167.031006,168.031006,166.938004,167.5,167.5,246224
2016/9/23,167.781006,168.25,167.561996,167.811996,167.811996,161292
2016/9/25,null,null,null,null,null,null
2016/9/26,167.875,168.75,167.656006,168.25,168.25,167451
2016/9/27,168.438004,169.688004,167.906006,169.438004,169.438004,220015
2016/9/28,169.531006,170.093994,169,169.25,169.25,219999
2016/9/29,169.188004,169.906006,168.281006,169.625,169.625,245220
2016/9/30,169.531006,170.031006,167.938004,168.156006,168.156006,329704
2016/10/2,null,null,null,null,null,null
2016/10/3,168.438004,168.781006,167.811996,168.061996,168.061996,171657
2016/10/4,167.968994,168.406006,166.281006,166.438004,166.438004,289878
2016/10/5,166.375,166.843994,165.281006,165.718994,165.718994,263716
2016/10/6,165.843994,166.311996,164.938004,165.061996,165.061996,257005
2016/10/7,165.188004,165.561996,164.25,164.906006,164.906006,315333
2016/10/9,null,null,null,null,null,null
2016/10/11,164.281006,164.718994,163.75,164.343994,164.343994,238828
2016/10/12,164.125,164.343994,163.593994,164.093994,164.093994,233746
2016/10/13,164.343994,165.406006,164.281006,164.968994,164.968994,251472
2016/10/14,164.781006,164.875,163,163.218994,163.218994,303101
2016/10/16,null,null,null,null,null,null
2016/10/17,163.061996,164.25,162.593994,163.938004,163.938004,224195
2016/10/18,164,164.468994,163.281006,164.281006,164.281006,260894
2016/10/19,164.468994,164.811996,163.781006,164.218994,164.218994,226866
2016/10/20,164.343994,165.218994,163.75,164.656006,164.656006,265492
2016/10/21,164.406006,165.188004,164.311996,164.811996,164.811996,188311
2016/10/23,null,null,null,null,null,null
2016/10/24,164.968994,165.311996,163.938004,164.311996,164.311996,191147
2016/10/25,164.281006,165.156006,163.75,164.688004,164.688004,218700
2016/10/26,164.718994,165.156006,163.593994,163.938004,163.938004,231918
2016/10/27,163.811996,163.938004,161.688004,162.438004,162.438004,327475
2016/10/28,162.218994,162.688004,161.656006,162.188004,162.188004,306566
2016/10/30,null,null,null,null,null,null
2016/10/31,162.375,162.906006,162,162.718994,162.718994,206223
2016/11/1,162.811996,163.281006,161.688004,163.061996,163.061996,315219
2016/11/2,162.811996,163.906006,162.75,163.25,163.25,302242
2016/11/3,163.188004,163.938004,162.406006,162.718994,162.718994,235228
2016/11/4,162.718994,163.811996,162.531006,163.343994,163.343994,249040
2016/11/6,null,null,null,null,null,null
2016/11/7,162.688004,163,162.343994,162.593994,162.593994,165165
2016/11/8,162.625,163.218994,161.718994,162.093994,162.093994,244892
2016/11/9,162.25,164.968994,156.688004,156.968994,156.968994,829802
2016/11/10,157.311996,158.531006,155.5,156.218994,156.218994,670228
2016/11/13,null,null,null,null,null,null
2016/11/14,155.281006,155.438004,152.75,154.406006,154.406006,481386
2016/11/15,153.906006,155.5,153.843994,154.281006,154.281006,363884
2016/11/16,154.656006,155.281006,153.311996,155.031006,155.031006,364407
2016/11/17,155.218994,155.375,153.125,153.781006,153.781006,324265
2016/11/18,153.218994,154.25,152.375,153.156006,153.156006,373786
2016/11/20,null,null,null,null,null,null
2016/11/21,152.906006,153.875,152.811996,153.188004,153.188004,280489
2016/11/22,153.75,154.281006,153.188004,153.25,153.25,386860
2016/11/23,153.438004,153.688004,151.593994,152.906006,152.906006,500917
2016/11/25,152.938004,153.375,151.968994,152.811996,152.811996,224969
2016/11/27,null,null,null,null,null,null
2016/11/28,153.125,153.906006,153.125,153.688004,153.688004,436721
2016/11/29,153.75,154.343994,153.093994,154.125,154.125,262872
2016/11/30,154.188004,154.343994,151.5,152.656006,152.656006,90128
2016/12/1,152.343994,152.375,149.75,150.875,150.875,19987
2016/12/2,150.688004,152.25,150.688004,151.875,151.875,10365
2016/12/4,null,null,null,null,null,null
2016/12/5,152.375,152.938004,150.718994,152.125,152.125,8529
2016/12/6,151.968994,152.343994,151.531006,151.656006,151.656006,3951
2016/12/7,151.688004,152.781006,151.656006,152.561996,152.561996,1706
2016/12/8,152.468994,152.561996,150.593994,151.343994,151.343994,1947
2016/12/9,150.938004,151.061996,149.531006,149.875,149.875,1329
2016/12/11,null,null,null,null,null,null
2016/12/12,149.625,150.093994,148.781006,150,150,1911
2016/12/13,150.188004,151.093994,150,150.218994,150.218994,4160
2016/12/14,151.031006,151.438004,149.093994,149.843994,149.843994,1151
2016/12/15,149.25,150.061996,148.906006,149.938004,149.938004,2340
2016/12/16,150.5,150.5,148.811996,149.031006,149.031006,281
2016/12/18,null,null,null,null,null,null
2016/12/19,149.093994,150.406006,149.093994,150.311996,150.311996,339
2016/12/20,150.093994,150.093994,149.561996,149.875,149.875,139200
2016/12/21,null,null,null,null,null,null
2016/12/22,149.125,149.343994,148.375,148.811996,148.811996,127316
2016/12/23,148.906006,149.375,148.781006,149.125,149.125,68101
2016/12/25,null,null,null,null,null,null
2016/12/27,148.968994,149.031006,148.218994,148.561996,148.561996,63925
2016/12/28,148.561996,149.781006,148.5,149.718994,149.718994,118224
2016/12/29,149.656006,150.375,149.531006,149.906006,149.906006,119291
2016/12/30,149.875,150.75,149.718994,150.656006,150.656006,137148
2017/1/1,null,null,null,null,null,null
2017/1/3,150.218994,150.875,149.061996,150.561996,150.561996,311632
2017/1/4,150.625,151.061996,150.061996,150.688004,150.688004,207211
2017/1/5,150.906006,153,150.438004,152.5,152.5,338168
2017/1/6,152.875,153.281006,151.593994,151.781006,151.781006,269297
2017/1/8,null,null,null,null,null,null
2017/1/9,151.718994,152.906006,151.531006,152.718994,152.718994,169981
2017/1/10,152.811996,152.968994,152.218994,152.531006,152.531006,176348
2017/1/11,152.656006,153.531006,152.311996,152.811996,152.811996,287237
2017/1/12,152.811996,153.968994,152.561996,152.593994,152.593994,301124
2017/1/13,152.593994,153.625,151.343994,152.281006,152.281006,286629
2017/1/15,152.0625,152.46875,152.03125,152.46875,152.46875,43427
2017/1/17,152.061996,153.875,151.968994,153.311996,153.311996,296374
2017/1/18,153.281006,153.311996,151.406006,152.031006,152.031006,227716
2017/1/19,151.375,151.843994,150.281006,151.061996,151.061996,320606
2017/1/20,150.781006,151.156006,149.938004,150.781006,150.781006,267286
2017/1/22,150.78125,151.21875,150.6875,151.21875,151.21875,114111
2017/1/23,150.781006,152.468994,150.561996,152,152,271484
2017/1/24,152.061996,152.25,150.5,150.593994,150.593994,204599
2017/1/25,150.843994,151.061996,149.25,149.468994,149.468994,253586
2017/1/26,149.688004,149.938004,148.938004,149.781006,149.781006,201060
2017/1/27,149.906006,150.438004,149.5,150.375,150.375,195486
2017/1/29,150.46875,150.5,150.34375,150.40625,150.40625,140271
2017/1/30,150.468994,150.625,149.875,150.25,150.25,237196
2017/1/31,150.156006,151.188004,149.75,150.843994,150.843994,338492
2017/2/1,150.688004,150.718994,149.718994,150.438004,150.438004,277947
2017/2/2,150.531006,151.468994,150.343994,150.561996,150.561996,271001
2017/2/3,150.5,151.281006,149.843994,150.031006,150.031006,316750
2017/2/5,150.40625,150.59375,150.3125,150.40625,150.40625,58309
2017/2/6,150.406006,151.688004,150.311996,151.531006,151.531006,251326
2017/2/7,151.531006,152.531006,150.811996,152.188004,152.188004,266669
2017/2/8,152.156006,153.656006,152.061996,153.281006,153.281006,327156
2017/2/9,153.5,153.531006,151.968994,152.188004,152.188004,299356
2017/2/10,152.281006,152.375,151.25,151.906006,151.906006,282423
2017/2/12,151.84375,151.875,151.59375,151.75,151.75,88839
2017/2/13,151.843994,151.875,151,151.375,151.375,158911
2017/2/14,151.311996,151.531006,149.906006,150.625,150.625,273699
2017/2/15,150.75,150.781006,149.5,149.938004,149.938004,277269
2017/2/16,150.093994,151.188004,149.968994,150.811996,150.811996,271417
2017/2/17,150.781006,151.968994,150.561996,151.25,151.25,190378
2017/2/19,151.4375,151.46875,151.3125,151.40625,151.40625,40661
2017/2/21,151.438004,151.718994,150.593994,151.311996,151.311996,296069
2017/2/22,151.218994,152.188004,150.75,151.375,151.375,509220
2017/2/23,151.406006,152.061996,151.25,151.811996,151.811996,481140
2017/2/24,152.031006,153.375,151.875,153.218994,153.218994,496018
2017/2/26,153.28125,153.28125,153.0625,153.125,153.125,98146
2017/2/27,153.281006,153.281006,152.531006,152.625,152.625,326593
2017/2/28,152.718994,153.343994,152.25,152.938004,152.938004,75804
2017/3/1,152.281006,152.343994,150.5,150.688004,150.688004,27974
2017/3/2,150.938004,150.938004,150,150.343994,150.343994,8517
2017/3/3,150.5,150.781006,149.968994,150.5,150.5,5012
2017/3/5,149.3125,150.78125,149.15625,149.53125,149.53125,118874
2017/3/6,150.468994,151.125,150.093994,150.311996,150.311996,4306
2017/3/7,150.218994,150.406006,149.906006,150.093994,150.093994,1972
2017/3/8,149.968994,150.125,148.593994,149.156006,149.156006,2240
2017/3/9,149.125,149.125,147.843994,148.061996,148.061996,1072
2017/3/10,147.843994,148.218994,147.718994,148.061996,148.061996,1415
2017/3/12,146.9375,147.09375,146.84375,146.875,146.875,127380
2017/3/13,148.311996,148.5,147.218994,147.625,147.625,1938
2017/3/14,147.5,148.188004,147.25,148.125,148.125,2338
2017/3/15,148.061996,149.656006,148.061996,149.625,149.625,532
2017/3/16,149.781006,149.781006,148.968994,149.25,149.25,696
2017/3/17,148.938004,149.875,148.938004,149.75,149.75,757
2017/3/19,148.46875,148.625,148.46875,148.59375,148.59375,80209
2017/3/20,150.25,150.406006,149.561996,150.343994,150.343994,109
2017/3/21,150.125,151.468994,150.125,151.281006,151.281006,201
2017/3/22,151.718994,152.438004,151.718994,151.968994,151.968994,314203
2017/3/23,150.656006,151.061996,150.093994,150.531006,150.531006,258848
2017/3/24,150.5,151.188004,150.188004,151.093994,151.093994,201933
2017/3/26,150.90625,151.65625,150.84375,151.5625,151.5625,516570
2017/3/27,150.906006,152.093994,150.843994,151.468994,151.468994,205626
2017/3/28,151.343994,151.875,150.438004,150.781006,150.781006,242665
2017/3/29,150.531006,151.406006,150.375,151.218994,151.218994,214048
2017/3/30,151.281006,151.5,150.343994,150.531006,150.531006,198671
2017/3/31,150.438004,151,150.156006,150.843994,150.843994,263198
2017/4/2,150.96875,151.03125,150.8125,150.90625,150.90625,109652
2017/4/3,150.968994,152.375,150.656006,151.75,151.75,305800
2017/4/4,152.311996,152.406006,151.468994,151.656006,151.656006,222698
2017/4/5,151.561996,152.093994,150.843994,151.5,151.5,290304
2017/4/6,151.875,152,151.093994,151.718994,151.718994,204791
2017/4/7,151.75,153.125,151.218994,151.5,151.5,359236
2017/4/9,151.375,151.40625,151.1875,151.28125,151.28125,215156
2017/4/10,151.375,152.093994,151.093994,151.781006,151.781006,190561
2017/4/11,151.688004,153.125,151.688004,152.968994,152.968994,262426
2017/4/12,152.968994,153.906006,152.688004,153,153,266250
2017/4/13,153.906006,154.311996,153.343994,154,154,237671
2017/4/16,154.1875,154.40625,154.1875,154.34375,154.34375,435660
2017/4/17,154.188004,154.468994,153.311996,153.468994,153.468994,142029
2017/4/18,153.561996,155.5,153.468994,155.156006,155.156006,302735
2017/4/19,155.281006,155.311996,154.311996,154.75,154.75,208437
2017/4/20,154.561996,154.968994,153.781006,154.156006,154.156006,224137
2017/4/21,154.281006,154.75,153.938004,154.156006,154.156006,187229
2017/4/23,153.0625,153.0625,152.5625,152.84375,152.84375,1341682
2017/4/24,153.061996,153.688004,152.561996,153.438004,153.438004,249798
2017/4/25,153.406006,153.531006,152,152.406006,152.406006,193259
2017/4/26,152.218994,152.875,151.938004,152.656006,152.656006,260869
2017/4/27,152.811996,153.031006,152.218994,152.718994,152.718994,224535
2017/4/28,152.718994,153.061996,151.875,152.968994,152.968994,278693
2017/4/30,152.96875,153.1875,152.96875,153.09375,153.09375,88688
2017/5/1,152.968994,153.188004,151.656006,152,152,210249
2017/5/2,152.218994,153.093994,151.811996,152.75,152.75,222493
2017/5/3,153,153.218994,152.311996,152.811996,152.811996,332549
2017/5/4,152.561996,152.625,151.343994,151.718994,151.718994,301401
2017/5/5,151.718994,152.25,151.438004,151.811996,151.811996,235910
2017/5/7,151.5625,151.78125,151.46875,151.6875,151.6875,236225
2017/5/8,151.561996,152.406006,151.031006,151.311996,151.311996,242641
2017/5/9,151.125,151.281006,150.593994,150.75,150.75,191744
2017/5/10,150.843994,151.438004,150.406006,150.531006,150.531006,256781
2017/5/11,150.593994,150.875,150.218994,150.625,150.625,278926
2017/5/12,150.781006,151.688004,150.718994,151.438004,151.438004,248326
2017/5/14,151.5,151.71875,151.46875,151.5625,151.5625,175384
2017/5/15,151.5,151.718994,150.968994,151.281006,151.281006,163298
2017/5/16,151.311996,152.093994,150.938004,151.593994,151.593994,237973
2017/5/17,151.625,153.875,151.625,153.781006,153.781006,423076
2017/5/18,153.688004,154.406006,153.188004,153.811996,153.811996,430721
2017/5/19,153.75,154.156006,153.375,153.843994,153.843994,245719
2017/5/21,153.9375,154.03125,153.8125,153.90625,153.90625,180538
2017/5/22,153.938004,154.093994,153.718994,153.781006,153.781006,212949
2017/5/23,153.781006,154.375,153.156006,153.281006,153.281006,431525
2017/5/24,153.25,153.968994,153.093994,153.531006,153.531006,418246
2017/5/25,153.75,154.061996,153.468994,153.843994,153.843994,424099
2017/5/26,153.811996,154.281006,153.781006,153.906006,153.906006,320062
2017/5/28,153.875,154,153.84375,153.90625,153.90625,46830
2017/5/30,153.875,154.781006,153.718994,154.593994,154.593994,348447
2017/5/31,154.688004,155.125,154.343994,155.125,155.125,49637
2017/6/1,154.968994,155,154.438004,154.843994,154.843994,41141
2017/6/2,154.906006,156.531006,154.781006,156.156006,156.156006,23986
2017/6/4,154.96875,155.125,154.84375,155.03125,155.03125,150968
2017/6/5,156.281006,156.406006,155.593994,155.656006,155.656006,7818
2017/6/6,155.688004,156.656006,155.688004,156.281006,156.281006,17819
2017/6/7,156.375,156.438004,155.718994,155.843994,155.843994,5842
2017/6/8,155.75,156,155.25,155.561996,155.561996,7827
2017/6/9,155.906006,156.061996,154.968994,155.531006,155.531006,4353
2017/6/11,154.15625,154.21875,153.96875,154.03125,154.03125,60576
2017/6/12,155.561996,155.938004,155.188004,155.281006,155.281006,6700
2017/6/13,155.343994,155.343994,154.906006,155.311996,155.311996,3273
2017/6/14,155.406006,157.406006,155.375,156.906006,156.906006,1428
2017/6/15,157,157.188004,156.5,156.718994,156.718994,580
2017/6/16,156.625,157.156006,156.5,156.875,156.875,2657
2017/6/18,155.78125,155.8125,155.65625,155.71875,155.71875,101340
2017/6/19,156.938004,157.281006,156.561996,156.656006,156.656006,4622
2017/6/20,156.688004,157.718994,156.688004,157.625,157.625,553
2017/6/21,157.5,157.875,157.188004,157.593994,157.593994,267998
2017/6/22,156.343994,156.718994,156.156006,156.468994,156.468994,204623
2017/6/23,156.625,156.688004,156.156006,156.625,156.625,175926
2017/6/25,156.5625,156.625,156.46875,156.59375,156.59375,59994
2017/6/26,156.561996,157.25,156.311996,156.906006,156.906006,208301
2017/6/27,156.875,157.188004,155.218994,155.688004,155.688004,339995
2017/6/28,155.531006,155.688004,154.281006,155,155,323107
2017/6/29,154.906006,155.061996,153.561996,154.25,154.25,358698
2017/6/30,154.25,154.311996,153.561996,153.688004,153.688004,363616
2017/7/2,153.78125,153.8125,153.375,153.46875,153.46875,310361
2017/7/3,null,null,null,null,null,null
2017/7/5,152.968994,153.781006,152.906006,153.343994,153.343994,263374
2017/7/6,153.406006,153.468994,151.875,152.281006,152.281006,322936
2017/7/7,152.281006,152.375,151.561996,151.656006,151.656006,282727
2017/7/9,151.78125,151.84375,151.71875,151.78125,151.78125,69835
2017/7/10,151.781006,152.218994,151.625,152,152,186518
2017/7/11,151.938004,152.311996,151.625,152.061996,152.061996,231201
2017/7/12,152.031006,153.093994,151.968994,152.781006,152.781006,279177
2017/7/13,152.875,153.343994,151.875,152.188004,152.188004,247922
2017/7/14,152.25,153.5,152.031006,152.625,152.625,278137
2017/7/16,152.40625,152.59375,152.375,152.5625,152.5625,83107
2017/7/17,152.406006,153.061996,152.375,152.875,152.875,165300
2017/7/18,152.656006,153.968994,152.625,153.843994,153.843994,222590
2017/7/19,153.843994,154.093994,153.625,153.938004,153.938004,164142
2017/7/20,153.843994,154.688004,153.781006,154.061996,154.061996,246908
2017/7/21,154.188004,154.968994,154.061996,154.781006,154.781006,172229
2017/7/23,null,null,null,null,null,null
2017/7/24,154.625,154.843994,154.156006,154.25,154.25,138863
2017/7/25,154.188004,154.343994,152.468994,152.625,152.625,264309
2017/7/26,152.5,153.311996,152.25,153.156006,153.156006,269563
2017/7/27,153.061996,153.406006,152.093994,152.593994,152.593994,294515
2017/7/28,152.656006,153.218994,152.093994,153.188004,153.188004,257770
2017/7/30,153.15625,153.34375,153.125,153.25,153.25,75630
2017/7/31,153.156006,153.5,152.656006,152.968994,152.968994,202613
2017/8/1,152.938004,154.093994,152.281006,154.031006,154.031006,315326
2017/8/2,153.906006,154.561996,153.531006,154.218994,154.218994,275883
2017/8/3,153.968994,155.281006,153.968994,155,155,217511
2017/8/4,155.125,155.311996,153.688004,154.093994,154.093994,246375
2017/8/6,154.125,154.15625,153.875,154.0625,154.0625,142897
2017/8/7,154.125,154.468994,153.875,154.311996,154.311996,132288
2017/8/8,154.406006,154.5,153.531006,153.718994,153.718994,191350
2017/8/9,154.188004,155.25,154.156006,154.718994,154.718994,254109
2017/8/10,154.625,155.593994,154.406006,155.343994,155.343994,283528
2017/8/11,155.531006,155.906006,154.718994,155.468994,155.468994,274473
2017/8/13,155.40625,155.5,155.28125,155.375,155.375,183570
2017/8/14,155.406006,155.5,154.843994,155.156006,155.156006,191265
2017/8/15,155.156006,155.188004,153.75,154.406006,154.406006,259862
2017/8/16,154.218994,155.188004,153.811996,155.061996,155.061996,224624
2017/8/17,155.061996,156,154.561996,155.688004,155.688004,277347
2017/8/18,155.875,156.375,155.5,155.843994,155.843994,268604
2017/8/20,155.75,155.84375,155.53125,155.625,155.625,214643
2017/8/21,155.75,156.281006,155.531006,156.156006,156.156006,180667
2017/8/22,156.188004,156.218994,155.5,155.593994,155.593994,210822
2017/8/23,155.656006,156.561996,155.5,156.5,156.5,249601
2017/8/24,156.561996,156.593994,156,156.093994,156.093994,383172
2017/8/25,156.061996,156.75,155.906006,156.531006,156.531006,477288
2017/8/27,156.625,156.65625,156.5,156.53125,156.53125,79867
2017/8/28,156.625,156.811996,156.156006,156.75,156.75,370898
2017/8/29,157,158.125,156.811996,156.938004,156.938004,416253
2017/8/30,157.031006,157.25,156.718994,156.906006,156.906006,207239
2017/8/31,157.125,157.5,156.75,157.375,157.375,63392
2017/9/1,157.438004,158,156.218994,156.468994,156.468994,24072
2017/9/3,155.59375,157,155.34375,155.4375,155.4375,297134
2017/9/5,156.843994,158.5,156.468994,158.281006,158.281006,14301
2017/9/6,158.438004,158.656006,157.531006,157.625,157.625,8157
2017/9/7,157.688004,159.218994,157.656006,158.656006,158.656006,7435
2017/9/8,158.968994,159.5,158.375,158.561996,158.561996,4564
2017/9/10,156.78125,156.90625,156.59375,156.8125,156.8125,455619
2017/9/11,158.125,158.156006,157.093994,157.281006,157.281006,4638
2017/9/12,157.343994,157.343994,156.406006,156.531006,156.531006,1490
2017/9/13,156.468994,156.875,156.093994,156.093994,156.093994,3448
2017/9/14,156.281006,156.561996,155.688004,156.25,156.25,2994
2017/9/15,156.625,156.75,156.061996,156.311996,156.311996,1895
2017/9/17,154.875,155.03125,154.875,154.9375,154.9375,146661
2017/9/18,156.218994,156.281006,155.468994,155.625,155.625,1506
2017/9/19,155.811996,155.968994,155.343994,155.406006,155.406006,2812
2017/9/20,155.468994,155.625,155.25,155.343994,155.343994,270833
2017/9/21,153.906006,154.531006,153.656006,153.875,153.875,248904
2017/9/22,153.938004,154.593994,153.906006,154.093994,154.093994,230687
2017/9/24,154.25,154.375,154.125,154.1875,154.1875,164267
2017/9/25,154.25,155.125,154.061996,154.906006,154.906006,271863
2017/9/26,154.843994,155.093994,154.343994,154.781006,154.781006,229036
2017/9/27,154.656006,154.781006,152.75,152.938004,152.938004,405279
2017/9/28,152.906006,153.125,152.031006,152.781006,152.781006,351334
2017/9/29,152.75,153,152.375,152.811996,152.811996,364793
2017/10/1,152.6875,152.71875,152.46875,152.59375,152.59375,265364
2017/10/2,152.688004,153.125,152.061996,152.688004,152.688004,263763
2017/10/3,152.561996,152.875,152,152.625,152.625,241956
2017/10/4,152.811996,153.25,152.188004,152.561996,152.561996,232366
2017/10/5,152.75,152.938004,152.031006,152.25,152.25,221317
2017/10/6,152.281006,152.375,151.218994,151.906006,151.906006,338074
2017/10/8,152.0625,152.125,151.875,152.03125,152.03125,99496
2017/10/9,152.061996,152.311996,151.875,152.093994,152.093994,48220
2017/10/10,152.218994,153.061996,151.875,152.5,152.5,295619
2017/10/11,152.188004,152.875,152.061996,152.561996,152.561996,207352
2017/10/12,152.438004,153.188004,152.311996,153.093994,153.093994,262534
2017/10/13,153.125,154.156006,152.938004,154,154,295008
2017/10/15,null,null,null,null,null,null
2017/10/16,154.093994,154.125,153.561996,153.718994,153.718994,203193
2017/10/17,153.75,154.093994,153.311996,154.061996,154.061996,215140
2017/10/18,154.061996,154.093994,152.781006,153.031006,153.031006,254670
2017/10/19,152.906006,154.061996,152.906006,153.531006,153.531006,296406
2017/10/20,153.406006,153.561996,151.781006,152.188004,152.188004,352537
2017/10/22,152.09375,152.125,152,152.0625,152.0625,108587
2017/10/23,152.093994,152.625,151.875,152.343994,152.343994,194917
2017/10/24,152.438004,152.531006,151.281006,151.688004,151.688004,239362
2017/10/25,151.5,151.625,150.438004,150.906006,150.906006,373665
2017/10/26,151.156006,151.688004,150.468994,150.718994,150.718994,307228
2017/10/27,150.531006,151.561996,150.311996,151.188004,151.188004,354070
2017/10/29,151.5,151.625,151.4375,151.5,151.5,296657
2017/10/30,151.5,152.438004,151.343994,152.375,152.375,231979
2017/10/31,152.281006,152.593994,152.093994,152.468994,152.468994,228323
2017/11/1,152.375,153.311996,151.968994,152.75,152.75,329884
2017/11/2,152.906006,153.688004,152.688004,153.468994,153.468994,283673
2017/11/3,153.5,154,153.343994,153.656006,153.656006,262262
2017/11/5,153.75,153.75,153.625,153.65625,153.65625,86185
2017/11/6,153.75,154.375,153.375,154.218994,154.218994,191093
2017/11/7,154.281006,154.75,153.906006,154.688004,154.688004,282945
2017/11/8,154.531006,154.811996,154.125,154.343994,154.343994,218553
2017/11/9,154.156006,154.438004,153.561996,153.875,153.875,363315
2017/11/10,153.688004,153.781006,152.061996,152.311996,152.311996,334125
2017/11/12,152.15625,152.28125,152.03125,152.25,152.25,113026
2017/11/13,152.156006,152.938004,152.031006,152.406006,152.406006,267220
2017/11/14,152.343994,153.125,152.156006,152.875,152.875,259493
2017/11/15,153.061996,154.311996,153.031006,154,154,336764
2017/11/16,154.281006,154.281006,153.093994,153.561996,153.561996,275369
2017/11/17,153.156006,154.156006,153.093994,153.781006,153.781006,245812
2017/11/19,154.03125,154.25,153.9375,154.21875,154.21875,47410
2017/11/20,154.031006,154.438004,153.593994,153.656006,153.656006,245651
2017/11/21,153.811996,154.688004,153.75,154.093994,154.093994,396511
2017/11/22,154.188004,154.625,153.531006,154.5,154.5,159120
2017/11/24,null,null,null,null,null,null
2017/11/26,154.3125,154.375,154.21875,154.28125,154.28125,25520
2017/11/27,154.311996,154.75,153.938004,154.343994,154.343994,588301
2017/11/28,154.311996,154.843994,154.061996,154.281006,154.281006,472637
2017/11/29,154.406006,154.688004,152.875,153.311996,153.311996,345953
2017/11/30,153.156006,153.311996,152.125,152.843994,152.843994,71079
2017/12/1,152.968994,155.281006,152.875,154.375,154.375,40990
2017/12/3,153.625,153.625,152.125,152.28125,152.28125,228632
2017/12/4,153.625,154.311996,153.188004,154.125,154.125,13572
2017/12/5,154.188004,154.875,153.781006,154.811996,154.811996,7542
2017/12/6,154.75,155.656006,154.688004,155.156006,155.156006,17101
2017/12/7,154.968994,155.531006,153.968994,153.968994,153.968994,2131
2017/12/8,154.218994,154.343994,153.688004,154,154,5120
2017/12/10,153,154.125,152.9375,152.96875,152.96875,46428
2017/12/11,154.125,154.656006,154.031006,154.156006,154.156006,2602
2017/12/12,154.156006,154.156006,153.311996,153.781006,153.781006,1457
2017/12/13,153.938004,154.843994,153.593994,154.811996,154.811996,2275
2017/12/14,154.625,155.218994,154.25,155.218994,155.218994,1991
2017/12/15,155.125,155.5,154.811996,155.375,155.375,1336
2017/12/17,154.25,154.25,154.0625,154.0625,154.0625,61095
2017/12/18,155.281006,155.281006,154.218994,154.281006,154.281006,3104
2017/12/19,154.311996,154.311996,152.531006,152.531006,152.531006,326762
2017/12/20,151.656006,151.875,150.438004,150.561996,150.561996,299836
2017/12/21,150.531006,151.25,150.468994,151.188004,151.188004,193749
2017/12/22,151,151.218994,150.875,151,151,77670
2017/12/24,null,null,null,null,null,null
2017/12/26,150.906006,151.781006,150.75,151.625,151.625,82762
2017/12/27,151.375,153.125,151.375,152.938004,152.938004,236792
2017/12/28,152.906006,152.906006,152.406006,152.718994,152.718994,158645
2017/12/29,152.718994,153.093994,152.311996,153,153,177685
2017/12/31,null,null,null,null,null,null
2018/1/2,152.843994,152.906006,151.375,151.75,151.75,248790
2018/1/3,151.688004,152.406006,151.531006,152.311996,152.311996,199817
2018/1/4,152.218994,152.406006,151.593994,152.311996,152.311996,228644
2018/1/5,152.311996,152.656006,151.656006,151.811996,151.811996,251056
2018/1/7,151.84375,151.875,151.75,151.875,151.875,24073
2018/1/8,151.843994,152.218994,151.468994,151.718994,151.718994,146591
2018/1/9,151.781006,151.811996,150.031006,150.218994,150.218994,368548
2018/1/10,150.031006,150.188004,149.093994,150.061996,150.061996,430005
2018/1/11,149.906006,150.625,149.531006,150.438004,150.438004,373883
2018/1/12,150.156006,150.593994,149.531006,150.5,150.5,290391
2018/1/14,150.5,150.5625,150.40625,150.5,150.5,19500
2018/1/16,150.5,151.031006,150.311996,150.811996,150.811996,270906
2018/1/17,150.875,151.188004,150.093994,150.311996,150.311996,306023
2018/1/18,150.125,150.25,149.093994,149.438004,149.438004,377868
2018/1/19,149.156006,149.375,148.531006,149,149,359078
2018/1/21,148.90625,148.90625,148.375,148.59375,148.59375,212520
2018/1/22,148.906006,149.281006,148.375,148.688004,148.688004,235617
2018/1/23,148.875,149.688004,148.781006,149.218994,149.218994,285708
2018/1/24,149.375,149.5,148.218994,148.468994,148.468994,363674
2018/1/25,148.656006,149.5,148.343994,149.406006,149.406006,391865
2018/1/26,149.375,149.468994,148.468994,148.75,148.75,286107
2018/1/28,148.75,148.75,148.625,148.71875,148.71875,34838
2018/1/29,148.75,148.906006,147.561996,148.125,148.125,317670
2018/1/30,148.061996,148.343994,147.125,147.375,147.375,391461
2018/1/31,147.438004,148.188004,147.093994,147.811996,147.811996,518389
2018/2/1,148.031006,148.061996,146.093994,146.561996,146.561996,468340
2018/2/2,146.188004,146.375,144.75,144.781006,144.781006,561877
2018/2/4,144.9375,145,144.8125,144.84375,144.84375,127729
2018/2/5,144.938004,147.5,144.093994,145.688004,145.688004,734436
2018/2/6,146.906006,147.718994,145.468994,146.031006,146.031006,678351
2018/2/7,145.561996,146.375,144.343994,144.625,144.625,483886
2018/2/8,144.656006,144.968994,143.625,144.093994,144.093994,700981
2018/2/9,144.156006,144.781006,143.593994,144.156006,144.156006,616914
2018/2/11,null,null,null,null,null,null
2018/2/12,143.718994,145.188004,143.125,144.406006,144.406006,417213
2018/2/13,144.25,144.938004,144.188004,144.561996,144.561996,264027
2018/2/14,144.781006,145.281006,143.218994,143.375,143.375,442761
2018/2/15,143.561996,144.343994,143.125,144,144,355147
2018/2/16,143.625,144.843994,143.561996,144.218994,144.218994,304622
2018/2/18,144.1875,144.46875,144.15625,144.375,144.375,41763
2018/2/20,144.188004,144.468994,143.438004,143.875,143.875,326063
2018/2/21,143.906006,144.188004,142.438004,142.688004,142.688004,373941
2018/2/22,142.718994,143.593994,142.656006,143.125,143.125,515870
2018/2/23,143.061996,144.25,142.75,144.061996,144.061996,515870
2018/2/25,144.125,144.15625,143.96875,144.03125,144.03125,52270
2018/2/26,144.125,144.843994,143.968994,144.218994,144.218994,582937
2018/2/27,144.125,144.531006,143.188004,143.561996,143.561996,360514
2018/2/28,143.811996,144.561996,143.561996,144.438004,144.438004,59647
2018/3/1,144.5,145.531006,144.188004,145.343994,145.343994,36868
2018/3/2,145.343994,145.625,144.188004,144.438004,144.438004,12029
2018/3/4,143.28125,144.59375,143.1875,143.53125,143.53125,83615
2018/3/5,144.311996,145.156006,143.688004,144.125,144.125,7524
2018/3/6,144.031006,144.75,143.688004,144.406006,144.406006,5331
2018/3/7,144.343994,145,144.061996,144.125,144.125,7260
2018/3/8,144.188004,145.031006,144.093994,144.593994,144.593994,2428
2018/3/9,144.656006,144.688004,143.843994,144.156006,144.156006,7345
2018/3/11,143.0625,143.09375,142.90625,142.96875,142.96875,52914
2018/3/12,144,144.781006,143.906006,144.75,144.75,2401
2018/3/13,144.593994,145.25,144.468994,145.156006,145.156006,817
2018/3/14,145.25,146.031006,145.125,145.875,145.875,589
2018/3/15,146.156006,146.156006,145.656006,145.811996,145.811996,306
2018/3/16,145.875,145.875,145.438004,145.438004,145.438004,968
2018/3/18,144.40625,144.5,144.375,144.4375,144.4375,66575
2018/3/19,145.375,145.688004,144.938004,145.531006,145.531006,710
2018/3/20,144.75,144.906006,144.75,144.811996,144.811996,221760
2018/3/21,143.5,144.156006,142.938004,143.5,143.5,297560
2018/3/22,143.718994,145.5,143.688004,144.75,144.75,463701
2018/3/23,144.781006,145.406006,144.188004,144.718994,144.718994,298395
2018/3/25,null,null,null,null,null,null
2018/3/26,144.875,145.125,144.218994,144.718994,144.718994,241759
2018/3/27,144.438004,145.875,144.343994,145.625,145.625,332668
2018/3/28,145.718994,146.311996,145.406006,145.875,145.875,347110
2018/3/29,145.688004,146.75,145.593994,146.625,146.625,291840
2018/4/1,146.28125,146.40625,146.1875,146.34375,146.34375,128429
2018/4/2,146.281006,147.093994,145.968994,146.75,146.75,191302
2018/4/3,146.843994,146.875,145.688004,145.875,145.875,288998
2018/4/4,145.938004,146.561996,145.375,145.718994,145.718994,296317
2018/4/5,145.468994,145.5,144.781006,144.906006,144.906006,213961
2018/4/6,144.875,146.125,144.811996,146.031006,146.031006,326340
2018/4/8,146,146.03125,145.8125,145.8125,145.8125,105305
2018/4/9,146,146.311996,145.438004,146.061996,146.061996,223645
2018/4/10,146.093994,146.25,145.531006,145.938004,145.938004,257173
2018/4/11,145.718994,146.875,145.593994,146.125,146.125,310105
2018/4/12,146.311996,146.438004,145.093994,145.375,145.375,275859
2018/4/13,145.281006,145.781006,145.188004,145.406006,145.406006,223550
2018/4/15,145.375,145.40625,145.09375,145.1875,145.1875,265817
2018/4/16,145.375,145.561996,144.656006,145.468994,145.468994,238104
2018/4/17,145.468994,146.061996,145.218994,146.031006,146.031006,242528
2018/4/18,145.593994,145.843994,144.656006,144.938004,144.938004,283766
2018/4/19,144.781006,144.938004,143.375,143.781006,143.781006,374109
2018/4/20,143.843994,143.968994,142.906006,143.093994,143.093994,241135
2018/4/22,142.96875,143,142.84375,142.84375,142.84375,188032
2018/4/23,142.968994,143.061996,142.281006,142.968994,142.968994,227912
2018/4/24,142.938004,143.281006,142.281006,142.531006,142.531006,285841
2018/4/25,142.281006,142.5,141.531006,141.75,141.75,273123
2018/4/26,141.781006,142.625,141.593994,142.375,142.375,222753
2018/4/27,142.561996,143.281006,142.5,143.25,143.25,219619
2018/4/29,143.15625,143.15625,143,143.09375,143.09375,85232
2018/4/30,143.156006,143.875,142.938004,143.843994,143.843994,284733
2018/5/1,143.406006,143.625,142.968994,143.156006,143.156006,252822
2018/5/2,143.311996,143.561996,142.688004,143.25,143.25,295047
2018/5/3,143.093994,143.938004,142.906006,143.561996,143.561996,278108
2018/5/4,143.5,144.25,143.156006,143.656006,143.656006,244053
2018/5/6,143.46875,143.46875,143.34375,143.40625,143.40625,143738
2018/5/7,143.468994,143.843994,143.343994,143.561996,143.561996,134984
2018/5/8,143.468994,143.688004,142.906006,143.375,143.375,226344
2018/5/9,143.218994,143.281006,142.468994,142.656006,142.656006,245468
2018/5/10,142.561996,143.375,142.531006,143.188004,143.188004,331232
2018/5/11,143.311996,143.656006,142.906006,143.125,143.125,244671
2018/5/13,143.09375,143.15625,143.03125,143.09375,143.09375,55064
2018/5/14,143.093994,143.343994,142.561996,142.75,142.75,202314
2018/5/15,142.625,142.718994,140.811996,141.061996,141.061996,430386
2018/5/16,141.281006,141.593994,140.811996,140.938004,140.938004,315063
2018/5/17,140.938004,141.031006,140.281006,140.438004,140.438004,331592
2018/5/18,140.438004,141.375,140.156006,141.188004,141.188004,302138
2018/5/20,141.03125,141.0625,140.78125,141,141,429445
2018/5/21,141.031006,141.5,140.781006,141.281006,141.281006,267680
2018/5/22,141.343994,141.561996,141.031006,141.25,141.25,274119
2018/5/23,141.311996,142.531006,141.25,142.218994,142.218994,538623
2018/5/24,142.406006,143.188004,142.031006,142.781006,142.781006,614890
2018/5/25,142.811996,143.938004,142.593994,143.688004,143.688004,556538
2018/5/27,143.71875,143.71875,143.46875,143.5,143.5,363495
2018/5/29,144.5,146.5,144.125,146.25,146.25,1008746
2018/5/30,146.438004,146.718994,144.531006,145.438004,145.438004,444276
2018/5/31,145.188004,146.031006,144.811996,146,146,65411
2018/6/1,145.343994,145.468994,144.281006,144.811996,144.811996,27813
2018/6/3,143.84375,144.8125,143.8125,144.6875,144.6875,71941
2018/6/4,144.688004,144.811996,143.906006,144.125,144.125,26184
2018/6/5,144.031006,144.718994,144.031006,144.311996,144.311996,11545
2018/6/6,144.125,144.188004,143.125,143.25,143.25,10438
2018/6/7,143.25,144.781006,142.906006,144.125,144.125,3608
2018/6/8,144.218994,144.781006,143.875,144.031006,144.031006,4566
2018/6/10,143.125,143.9375,142.96875,143.09375,143.09375,127274
2018/6/11,143.938004,143.938004,143.438004,143.656006,143.656006,1455
2018/6/12,143.656006,143.843994,143.218994,143.75,143.75,1777
2018/6/13,143.718994,143.906006,142.938004,143.438004,143.438004,5407
2018/6/14,143.938004,144.375,143.75,144.125,144.125,1276
2018/6/15,144.281006,145.031006,144.188004,144.5,144.5,2858
2018/6/17,143.6875,143.84375,143.65625,143.78125,143.78125,77278
2018/6/18,144.688004,144.938004,144.343994,144.406006,144.406006,1671
2018/6/19,144.625,145.561996,144.625,144.938004,144.938004,3160
2018/6/20,144.938004,144.938004,144.5,144.5,144.5,246929
2018/6/21,143.188004,144.125,143.031006,143.968994,143.968994,289873
2018/6/22,143.906006,144.093994,143.406006,143.968994,143.968994,193538
2018/6/24,144,144.25,144,144.25,144.25,203007
2018/6/25,144,144.561996,143.968994,144.343994,144.343994,234102
2018/6/26,144.281006,144.531006,143.938004,144.25,144.25,226789
2018/6/27,144.25,145.343994,144.156006,145.281006,145.281006,347135
2018/6/28,145.25,145.343994,144.906006,144.968994,144.968994,236358
2018/6/29,145.188004,145.5,144.688004,145,145,336080
2018/7/1,144.84375,144.9375,144.78125,144.8125,144.8125,132312
2018/7/2,144.843994,145.406006,144.656006,144.75,144.75,191539
2018/7/3,null,null,null,null,null,null
2018/7/5,145.25,145.781006,144.843994,145.5,145.5,235427
2018/7/6,145.625,146.343994,145.375,145.656006,145.656006,210525
2018/7/8,145.84375,145.875,145.71875,145.75,145.75,80430
2018/7/9,145.843994,145.875,145.093994,145.125,145.125,163296
2018/7/10,145.156006,145.311996,144.938004,145,145,201497
2018/7/11,145.343994,145.75,145.093994,145.468994,145.468994,266218
2018/7/12,145.343994,145.438004,145,145.281006,145.281006,209476
2018/7/13,145.406006,145.781006,145.218994,145.688004,145.688004,168390
2018/7/15,145.71875,145.71875,145.59375,145.65625,145.65625,37840
2018/7/16,145.718994,145.75,144.718994,145.125,145.125,243217
2018/7/17,145.188004,145.375,144.875,145.031006,145.031006,168262
2018/7/18,145.061996,145.343994,144.561996,144.718994,144.718994,186714
2018/7/19,144.811996,145.561996,144.375,145.281006,145.281006,288230
2018/7/20,145.406006,145.5,144.125,144.188004,144.188004,307011
2018/7/22,144.3125,144.34375,144.125,144.25,144.25,159220
2018/7/23,144.311996,144.375,142.781006,142.811996,142.811996,356295
2018/7/24,143,143.25,142.656006,143.188004,143.188004,298123
2018/7/25,143.125,143.593994,142.625,143.406006,143.406006,332132
2018/7/26,142.718994,143.25,142.561996,142.688004,142.688004,251575
2018/7/27,142.656006,143.25,142.5,142.938004,142.938004,256564
2018/7/29,143,143,142.71875,142.96875,142.96875,223787
2018/7/30,143,143,142.375,142.625,142.625,234940
2018/7/31,142.593994,143.5,142.561996,142.968994,142.968994,472841
2018/8/1,143,143.281006,141.843994,142.218994,142.218994,307334
2018/8/2,142.188004,142.781006,142.061996,142.438004,142.438004,270247
2018/8/3,142.438004,143.061996,142.281006,142.968994,142.968994,238994
2018/8/5,142.96875,142.96875,142.875,142.90625,142.90625,52225
2018/8/6,142.968994,143.561996,142.875,143.25,143.25,218349
2018/8/7,143.125,143.281006,142.468994,142.593994,142.593994,192827
2018/8/8,142.593994,142.906006,142.343994,142.625,142.625,208493
2018/8/9,142.718994,143.531006,142.593994,143.281006,143.281006,290269
2018/8/10,143.438004,144.688004,143.375,144.656006,144.656006,383970
2018/8/12,144.5625,144.71875,144.4375,144.5,144.5,378861
2018/8/13,144.561996,144.781006,144.031006,144.311996,144.311996,368900
2018/8/14,144.188004,144.406006,143.843994,144.031006,144.031006,246194
2018/8/15,143.906006,145,143.875,144.75,144.75,311664
2018/8/16,144.561996,144.718994,144.156006,144.531006,144.531006,218999
2018/8/17,144.625,145.093994,144.468994,144.531006,144.531006,232297
2018/8/19,144.6875,144.71875,144.59375,144.625,144.625,49504
2018/8/20,144.688004,145.561996,144.593994,145.468994,145.468994,236943
2018/8/21,145.468994,145.531006,144.843994,145.125,145.125,270288
2018/8/22,145.343994,145.75,145.188004,145.468994,145.468994,310649
2018/8/23,145.468994,145.75,145.375,145.656006,145.656006,296430
2018/8/24,145.468994,145.906006,145.093994,145.593994,145.593994,428347
2018/8/26,145.875,145.875,145.65625,145.6875,145.6875,163001
2018/8/27,145.875,145.906006,145.061996,145.125,145.125,437521
2018/8/28,145.125,145.156006,144.311996,144.438004,144.438004,540191
2018/8/29,144.5,144.75,144.25,144.593994,144.593994,388636
2018/8/30,144.561996,145.061996,144.468994,144.968994,144.968994,312970
2018/8/31,144.968994,145.5,144.688004,144.968994,144.968994,0
2018/9/2,144.0625,144.875,144,144.0625,144.0625,96296
2018/9/4,144.718994,144.875,143.843994,143.875,143.875,32672
2018/9/5,144,144.311996,143.656006,143.875,143.875,9966
2018/9/6,143.875,144.468994,143.688004,144.375,144.375,9935
2018/9/7,144.531006,144.531006,143.188004,143.343994,143.343994,32640
2018/9/9,142.46875,143.28125,142.40625,142.53125,142.53125,98512
2018/9/10,143.218994,143.625,143.188004,143.5,143.5,3244
2018/9/11,143.593994,143.593994,142.688004,142.75,142.75,4579
2018/9/12,142.843994,143.188004,142.843994,143.061996,143.061996,4868
2018/9/13,142.875,143.438004,142.781006,143.156006,143.156006,2629
2018/9/14,142.906006,143,142.375,142.531006,142.531006,1623
2018/9/16,141.71875,142.5,141.65625,141.6875,141.6875,77019
2018/9/17,142.5,142.718994,142.031006,142.406006,142.406006,4012
2018/9/18,142.561996,142.561996,141.281006,141.406006,141.406006,5253
2018/9/19,141.343994,141.343994,140.688004,141.061996,141.061996,433900
2018/9/20,140.438004,140.593994,139.75,140.25,140.25,339340
2018/9/21,140.5,140.688004,140.093994,140.343994,140.343994,225006
2018/9/23,140.4375,140.46875,140.375,140.375,140.375,94392
2018/9/24,140.438004,140.5,139.938004,140.25,140.25,253295
2018/9/25,139.938004,140.031006,139.531006,139.781006,139.781006,288214
2018/9/26,139.875,140.75,139.843994,140.531006,140.531006,320946
2018/9/27,140.688004,141.093994,140.25,140.656006,140.656006,300758
2018/9/28,140.593994,141.125,140.311996,140.5,140.5,427740
2018/9/30,140.28125,140.3125,140.125,140.28125,140.28125,256925
2018/10/1,140.281006,140.343994,139.718994,139.968994,139.968994,321589
2018/10/2,139.843994,140.718994,139.843994,140.5,140.5,392748
2018/10/3,140.25,140.5,138.093994,138.5,138.5,660735
2018/10/4,138.188004,138.281006,137.25,137.906006,137.906006,702117
2018/10/5,137.938004,138.061996,136.811996,137.281006,137.281006,565350
2018/10/7,137.15625,137.15625,136.65625,136.8125,136.8125,487595
2018/10/8,137.156006,137.438004,136.656006,137.031006,137.031006,108237
2018/10/9,136.938004,137.811996,136.5,137.718994,137.718994,455916
2018/10/10,137.688004,138.25,136.906006,137.25,137.25,545642
2018/10/11,138.188004,138.968994,137.718994,138.843994,138.843994,782198
2018/10/12,138.468994,138.875,137.938004,138.718994,138.718994,469654
2018/10/14,138.34375,138.53125,138.3125,138.46875,138.46875,146833
2018/10/15,138.343994,138.688004,138.218994,138.281006,138.281006,292815
2018/10/16,138.406006,138.593994,138,138.5,138.5,306865
2018/10/17,138.375,138.811996,137.625,138.156006,138.156006,326630
2018/10/18,137.656006,138.406006,137.468994,138.125,138.125,459720
2018/10/19,138,138.218994,137.531006,137.718994,137.718994,380489
2018/10/21,137.84375,138.0625,137.8125,137.90625,137.90625,136022
2018/10/22,137.843994,138.218994,137.625,137.811996,137.811996,303401
2018/10/23,137.688004,139.218994,137.688004,138.188004,138.188004,570864
2018/10/24,138.125,139.218994,138.093994,138.781006,138.781006,461083
2018/10/25,139.061996,139.218994,138.406006,138.718994,138.718994,354332
2018/10/26,138.875,139.781006,138.875,139.438004,139.438004,553030
2018/10/28,139.4375,139.53125,139.34375,139.375,139.375,113244
2018/10/29,139.438004,139.875,138.781006,139.343994,139.343994,445446
2018/10/30,139.281006,139.375,138.625,138.906006,138.906006,436740
2018/10/31,138.656006,138.75,138.031006,138.125,138.125,399593
2018/11/1,138.281006,138.656006,137.75,138.438004,138.438004,373423
2018/11/2,138.718994,138.75,137.031006,137.156006,137.156006,495266
2018/11/4,137.15625,137.21875,137.125,137.15625,137.15625,44819
2018/11/5,137.156006,137.781006,137.125,137.561996,137.561996,290451
2018/11/6,137.531006,137.718994,137.125,137.438004,137.438004,250577
2018/11/7,137.125,138.093994,136.75,137.375,137.375,539320
2018/11/8,137,137.625,136.968994,137.188004,137.188004,276136
2018/11/9,137,138.093994,137,137.906006,137.906006,317187
2018/11/11,138,138.0625,137.96875,138,138,50600
2018/11/12,138,138.656006,137.811996,138.468994,138.468994,103422
2018/11/13,138.5,138.718994,138.093994,138.593994,138.593994,378312
2018/11/14,138.625,139.311996,138.093994,138.875,138.875,470654
2018/11/15,138.718994,139.438004,138.561996,138.781006,138.781006,467227
2018/11/16,138.781006,139.75,138.688004,139.561996,139.561996,400375
2018/11/18,139.78125,139.9375,139.75,139.90625,139.90625,70536
2018/11/19,139.781006,139.938004,139,139.781006,139.781006,335815
2018/11/20,139.625,140.281006,139.593994,140.031006,140.031006,476455
2018/11/21,139.811996,139.938004,139.438004,139.906006,139.906006,355635
2018/11/23,null,null,null,null,null,null
2018/11/25,140.125,140.15625,140.03125,140.09375,140.09375,154951
2018/11/26,140.125,140.156006,139.625,139.781006,139.781006,661788
2018/11/27,139.968994,140.156006,139.656006,139.906006,139.906006,695313
2018/11/28,139.906006,140.061996,139.5,139.938004,139.938004,502637
2018/11/29,139.688004,140.75,139.593994,140.125,140.125,376029
2018/11/30,140.218994,140.968994,140.188004,140.531006,140.531006,77897
2018/12/2,139.6875,140.34375,139.5625,139.59375,139.59375,461768
2018/12/3,140.343994,141.625,140.061996,141.156006,141.156006,42695
2018/12/4,141.561996,143.593994,141.468994,142.781006,142.781006,0
2018/12/6,142.781006,144.406006,142.781006,143.781006,143.781006,16921
2018/12/7,143.375,144.031006,142.968994,143.938004,143.938004,5865
2018/12/9,143.625,144.25,143.53125,143.78125,143.78125,213400
2018/12/10,144.25,144.531006,143.781006,144.061996,144.061996,1967
2018/12/11,144.031006,144.406006,143.406006,143.781006,143.781006,1605
2018/12/12,143.718994,143.718994,143.188004,143.281006,143.281006,3045
2018/12/13,143.281006,143.5,142.938004,143.031006,143.031006,1053
2018/12/14,143.281006,143.531006,143.156006,143.281006,143.281006,490
2018/12/16,142.71875,142.78125,142.6875,142.71875,142.71875,18643
2018/12/17,143.281006,143.968994,143.281006,143.781006,143.781006,6250
2018/12/18,144,144.688004,143.811996,144.468994,144.468994,2117
2018/12/19,144.688004,145.031006,144.561996,144.906006,144.906006,420892
2018/12/20,145.531006,146,144.281006,144.811996,144.811996,559770
2018/12/21,144.406006,145.188004,144.343994,144.811996,144.811996,288902
2018/12/23,144.78125,144.875,144.625,144.71875,144.71875,61913
2018/12/24,null,null,null,null,null,null
2018/12/26,145.75,146.093994,144.406006,144.75,144.75,188125
2018/12/27,144.5,145.875,144.468994,145.531006,145.531006,275515
2018/12/28,145.061996,145.875,144.811996,145.531006,145.531006,261148
2018/12/30,145.65625,145.65625,145.375,145.46875,145.46875,81318
2018/12/31,145.656006,146.281006,145.218994,146,146,224736
2019/1/2,145.718994,147.438004,145.593994,146.75,146.75,350224
2019/1/3,147.561996,148.781006,146.906006,148.656006,148.656006,479904
2019/1/4,148.5,148.843994,146.593994,146.875,146.875,403897
2019/1/6,146.71875,146.84375,146.6875,146.8125,146.8125,78446
2019/1/7,146.718994,147.531006,146.125,146.5,146.5,312962
2019/1/8,146.25,146.438004,145.625,146.031006,146.031006,249917
2019/1/9,145.718994,145.906006,145.343994,145.561996,145.561996,300979
2019/1/10,145.843994,146.311996,144.938004,145.281006,145.281006,383589
2019/1/11,145.031006,146.093994,145,145.75,145.75,225108
2019/1/13,145.75,145.96875,145.75,145.9375,145.9375,75660
2019/1/14,145.75,146.343994,145.343994,145.406006,145.406006,235565
2019/1/15,145.561996,145.906006,145.156006,145.406006,145.406006,320960
2019/1/16,145.375,145.531006,144.75,145.188004,145.188004,307905
2019/1/17,145.343994,145.75,144.843994,145.031006,145.031006,287236
2019/1/18,145.031006,145.218994,144.281006,144.531006,144.531006,262034
2019/1/20,144.53125,144.5625,144.46875,144.5,144.5,55096
2019/1/22,144.531006,145.531006,144.406006,145.406006,145.406006,332475
2019/1/23,145.25,145.311996,144.438004,144.968994,144.968994,284131
2019/1/24,145.125,145.938004,144.968994,145.781006,145.781006,304277
2019/1/25,145.688004,145.843994,144.906006,145.093994,145.093994,239669
2019/1/27,145,145.125,144.96875,145.09375,145.09375,46794
2019/1/28,145,145.468994,144.875,145.093994,145.093994,235470
2019/1/29,145.061996,145.718994,144.968994,145.656006,145.656006,213291
2019/1/30,145.593994,146.031006,145.188004,145.688004,145.688004,286040
2019/1/31,145.938004,147.031006,145.906006,146.688004,146.688004,411686
2019/2/1,146.811996,146.968994,145.843994,145.938004,145.938004,320683
2019/2/3,146.0625,146.09375,145.9375,145.96875,145.96875,43540
2019/2/4,146.061996,146.093994,145,145.25,145.25,225484
2019/2/5,145.281006,146,144.906006,145.688004,145.688004,217928
2019/2/6,145.75,146.281006,145.531006,145.656006,145.656006,225543
2019/2/7,145.718994,146.561996,145.718994,146.5,146.5,301204
2019/2/8,146.375,146.968994,146.343994,146.875,146.875,238461
2019/2/10,146.78125,146.84375,146.75,146.84375,146.84375,16344
2019/2/11,146.781006,146.938004,146.218994,146.375,146.375,196481
2019/2/12,146.531006,146.561996,145.811996,145.968994,145.968994,211293
2019/2/13,145.906006,146.061996,145.5,145.75,145.75,217531
2019/2/14,145.811996,146.875,145.656006,146.5,146.5,326725
2019/2/15,146.561996,146.906006,146.093994,146.561996,146.561996,230905
2019/2/17,146.5625,146.59375,146.5,146.53125,146.53125,19635
2019/2/19,146.561996,147.156006,146.375,146.843994,146.843994,307609
2019/2/20,147,147.156006,146.343994,146.593994,146.593994,284871
2019/2/21,146.718994,146.781006,145.531006,145.781006,145.781006,465712
2019/2/22,145.688004,146.781006,145.656006,146.406006,146.406006,508670
2019/2/24,146.34375,146.34375,146.21875,146.34375,146.34375,109840
2019/2/25,146.343994,146.468994,145.875,146.125,146.125,620793
2019/2/26,146.281006,146.875,146.125,146.811996,146.811996,685180
2019/2/27,146.843994,146.906006,145.406006,145.561996,145.561996,318395
2019/2/28,145.593994,146.031006,144.875,145.125,145.125,95564
2019/3/1,145.156006,145.218994,144.218994,144.468994,144.468994,15370
2019/3/3,144.375,144.375,143.5,143.5625,143.5625,104745
2019/3/4,144.375,145.125,144.218994,145.061996,145.061996,24967
2019/3/5,145,145.156006,144.593994,145.093994,145.093994,9292
2019/3/6,145.125,145.811996,145.093994,145.561996,145.561996,8066
2019/3/7,145.5,146.531006,145.468994,146.468994,146.468994,9526
2019/3/8,146.438004,146.875,146.125,146.656006,146.656006,5156
2019/3/10,145.90625,146.59375,145.875,145.90625,145.90625,32679
2019/3/11,146.593994,146.625,146.125,146.311996,146.311996,3286
2019/3/12,146.125,147.188004,145.811996,147.093994,147.093994,1246
2019/3/13,147.031006,147.031006,146.561996,146.811996,146.811996,6342
2019/3/14,146.625,146.688004,146,146.188004,146.188004,1905
2019/3/15,146.343994,147.093994,146.25,146.875,146.875,1606
2019/3/17,146.25,146.28125,146.21875,146.21875,146.21875,36195
2019/3/18,146.906006,146.906006,146.593994,146.781006,146.781006,5529
2019/3/19,146.906006,146.906006,146.093994,146.468994,146.468994,6234
2019/3/20,146.468994,146.968994,146.438004,146.906006,146.906006,322123
2019/3/21,147.031006,147.468994,146.875,147.125,147.125,309070
2019/3/22,147.093994,149.125,147.061996,148.531006,148.531006,540197
2019/3/24,148.65625,148.8125,148.59375,148.65625,148.65625,265048
2019/3/25,148.656006,149.718994,148.188004,149,149,423698
2019/3/26,149.156006,149.281006,148.375,149.093994,149.093994,340664
2019/3/27,148.938004,150.156006,148.781006,150.061996,150.061996,471301
2019/3/28,150.125,150.656006,149.718994,150.031006,150.031006,329074
2019/3/29,149.811996,150.031006,149.281006,149.656006,149.656006,359608
2019/3/31,149.65625,149.65625,149.34375,149.46875,149.46875,280213
2019/4/1,149.656006,149.656006,147.968994,148.218994,148.218994,330944
2019/4/2,148.281006,148.718994,148.093994,148.311996,148.311996,230426
2019/4/3,148.406006,148.5,147.311996,147.5,147.5,262771
2019/4/4,147.406006,147.811996,147.343994,147.688004,147.688004,197459
2019/4/5,147.593994,148.093994,147.031006,147.938004,147.938004,261363
2019/4/7,148.0625,148.0625,147.90625,147.9375,147.9375,104955
2019/4/8,148.061996,148.218994,147.531006,147.625,147.625,157097
2019/4/9,147.593994,148.281006,147.5,148,148,223455
2019/4/10,147.875,148.531006,147.718994,148.218994,148.218994,235942
2019/4/11,148.375,148.406006,147.625,147.718994,147.718994,238146
2019/4/12,147.875,148.061996,146.811996,146.906006,146.906006,280482
2019/4/14,146.8125,146.96875,146.8125,146.9375,146.9375,156313
2019/4/15,146.811996,147.156006,146.688004,147.061996,147.061996,167978
2019/4/16,147.031006,147.125,146.25,146.343994,146.343994,233724
2019/4/17,146.406006,146.561996,145.968994,146.311996,146.311996,224120
2019/4/18,146.25,146.968994,146.218994,146.843994,146.843994,224414
2019/4/21,146.78125,146.84375,146.75,146.8125,146.8125,70940
2019/4/22,146.781006,146.843994,146.156006,146.218994,146.218994,121159
2019/4/23,146.311996,146.625,146.125,146.5,146.5,179892
2019/4/24,146.531006,147.438004,146.438004,147.343994,147.343994,218777
2019/4/25,147.406006,147.468994,147,147.156006,147.156006,182544
2019/4/26,147.25,147.811996,146.938004,147.593994,147.593994,256821
2019/4/28,147.625,147.65625,147.59375,147.625,147.625,16266
2019/4/29,147.625,147.656006,146.843994,146.968994,146.968994,200432
2019/4/30,147.156006,147.625,146.75,147.468994,147.468994,347920
2019/5/1,147.593994,148.375,147.5,147.593994,147.593994,316905
2019/5/2,147.811996,147.906006,146.875,146.938004,146.938004,275544
2019/5/3,147.156006,147.656006,146.656006,147.375,147.375,272615
2019/5/5,147.65625,148.34375,147.65625,148.34375,148.34375,2148475
2019/5/6,147.656006,148.75,147.656006,147.811996,147.811996,288151
2019/5/7,148.311996,148.843994,147.75,148.75,148.75,350818
2019/5/8,148.625,149.188004,148.031006,148.218994,148.218994,350334
2019/5/9,148.156006,149.093994,148.125,148.688004,148.688004,481033
2019/5/10,148.906006,149.156006,148.406006,148.656006,148.656006,354269
2019/5/12,149.0625,149.09375,148.6875,149,149,552364
2019/5/13,149.061996,149.718994,148.688004,149.468994,149.468994,328672
2019/5/14,149.438004,149.625,149.061996,149.188004,149.188004,224206
2019/5/15,149.281006,150.125,149.188004,149.875,149.875,282998
2019/5/16,149.906006,150.311996,149.343994,149.438004,149.438004,212554
2019/5/17,149.593994,150.125,149.375,149.688004,149.688004,211838
2019/5/19,149.6875,149.75,149.5625,149.5625,149.5625,187128
2019/5/20,149.688004,150,149.281006,149.375,149.375,216289
2019/5/21,149.343994,149.561996,148.938004,149.188004,149.188004,220077
2019/5/22,149.156006,149.938004,149.061996,149.718994,149.718994,351462
2019/5/23,149.906006,151.468994,149.843994,151.438004,151.438004,536549
2019/5/24,150.938004,151.25,150.781006,150.968994,150.968994,357902
2019/5/26,151.09375,151.1875,151.0625,151.15625,151.15625,208397
2019/5/28,151.093994,152.25,151,152.031006,152.031006,813935
2019/5/29,152.093994,153.156006,152.061996,152.75,152.75,506576
2019/5/30,152.281006,153.343994,152.031006,153.061996,153.061996,221297
2019/5/31,153.25,154.656006,153.156006,154.375,154.375,52199
2019/6/2,154.46875,154.875,153.71875,154.0625,154.0625,700749
2019/6/3,154.468994,155.688004,154.468994,155.25,155.25,18777
2019/6/4,155.5,155.531006,153.938004,154.343994,154.343994,13377
2019/6/5,154.188004,154.811996,153.718994,154.061996,154.061996,9841
2019/6/6,153.875,154.906006,153.811996,154.188004,154.188004,12922
2019/6/7,154.375,155.561996,154.156006,155.188004,155.188004,3634
2019/6/9,153.625,154.09375,153.4375,154.03125,154.03125,979412
2019/6/10,154.593994,154.811996,153.938004,154.125,154.125,3969
2019/6/11,154.031006,154.311996,153.531006,154.25,154.25,6743
2019/6/12,154.25,154.688004,154.061996,154.25,154.25,2270
2019/6/13,154.343994,154.968994,154.343994,154.906006,154.906006,1011
2019/6/14,155,155.468994,154.656006,154.968994,154.968994,463
2019/6/16,154.5625,154.59375,154.40625,154.40625,154.40625,255621
2019/6/17,155.156006,155.375,154.688004,155.25,155.25,3331
2019/6/18,155.25,156.5,155.125,155.625,155.625,5867
2019/6/19,155.561996,155.561996,154.968994,155,155,351082
2019/6/20,155.468994,156.531006,155.218994,155.718994,155.718994,394593
2019/6/21,155.406006,155.968994,154.561996,154.593994,154.593994,319339
2019/6/23,154.75,154.78125,154.65625,154.65625,154.65625,197601
2019/6/24,154.781006,155.5,154.531006,155.406006,155.406006,208575
2019/6/25,155.438004,156.061996,155.281006,155.906006,155.906006,269262
2019/6/26,156.031006,156.031006,154.843994,154.968994,154.968994,215677
2019/6/27,154.938004,155.811996,154.561996,155.718994,155.718994,220668
2019/6/28,155.593994,155.688004,155.156006,155.593994,155.593994,237702
2019/6/30,155,155.09375,154.75,155,155,839757
2019/7/1,155,155.656006,154.688004,155,155,243487
2019/7/2,155.218994,156.188004,155.125,156.093994,156.093994,205754
2019/7/3,null,null,null,null,null,null
2019/7/5,156.625,157.061996,154.468994,154.968994,154.968994,343308
2019/7/7,154.9375,155.09375,154.9375,155.0625,155.0625,232375
2019/7/8,154.938004,155.688004,154.938004,155.406006,155.406006,218163
2019/7/9,155.125,155.406006,154.75,155.093994,155.093994,218725
2019/7/10,154.968994,155.25,153.906006,154.656006,154.656006,373490
2019/7/11,154.561996,155.093994,152.968994,153.531006,153.531006,411171
2019/7/12,153.281006,153.75,152.875,153.718994,153.718994,269465
2019/7/14,153.46875,153.59375,153.34375,153.4375,153.4375,156285
2019/7/15,153.468994,154.218994,153.061996,154.061996,154.061996,182839
2019/7/16,154.156006,154.25,153.156006,153.625,153.625,225336
2019/7/17,153.938004,155.093994,153.781006,154.75,154.75,234527
2019/7/18,155,155.281006,154.25,154.968994,154.968994,308851
2019/7/19,155.093994,155.188004,154.531006,154.75,154.75,232186
2019/7/21,154.65625,154.75,154.5625,154.625,154.625,249075
2019/7/22,154.656006,155.343994,154.5,154.938004,154.938004,174829
2019/7/23,154.875,154.968994,154.031006,154.281006,154.281006,239577
2019/7/24,154,154.938004,154,154.811996,154.811996,238326
2019/7/25,154.906006,155.561996,153.718994,154.311996,154.311996,368293
2019/7/26,154.25,154.781006,154,154.343994,154.343994,219813
2019/7/28,154.5,154.59375,154.4375,154.59375,154.59375,40203
2019/7/29,154.5,154.968994,154.438004,154.781006,154.781006,181171
2019/7/30,154.625,155.093994,154.438004,154.625,154.625,202884
2019/7/31,154.718994,155.906006,154.625,155.593994,155.593994,425081
2019/8/1,155.656006,158.125,154.968994,157.688004,157.688004,599421
2019/8/2,157.406006,158.968994,157.343994,158.593994,158.593994,494145
2019/8/4,158.65625,158.75,158.53125,158.625,158.625,182924
2019/8/5,158.656006,161.343994,158.531006,160.718994,160.718994,494822
2019/8/6,161.531006,161.968994,160.031006,161,161,497148
2019/8/7,161.688004,163.968994,161.156006,162.218994,162.218994,719504
2019/8/8,161.156006,161.811996,159.718994,161.561996,161.561996,500524
2019/8/9,161.781006,162.438004,161.031006,161.281006,161.281006,337935
2019/8/11,161.34375,161.5625,161.15625,161.5,161.5,192086
2019/8/12,161.343994,163.656006,161.156006,163.438004,163.438004,273694
2019/8/13,163.218994,163.938004,162.156006,162.938004,162.938004,512070
2019/8/14,162.531006,165.218994,162.468994,164.906006,164.906006,479003
2019/8/15,164.811996,166.938004,164.531006,165.718994,165.718994,632107
2019/8/16,165.718994,166.188004,164.281006,165.561996,165.561996,367988
2019/8/18,165.03125,165.0625,164.28125,164.53125,164.53125,1183120
2019/8/19,165.031006,165.061996,163.375,164.25,164.25,388438
2019/8/20,164.156006,165.406006,164.125,165,165,277368
2019/8/21,165.188004,165.468994,163.968994,164.811996,164.811996,326115
2019/8/22,164.5,165.218994,163.718994,164.093994,164.093994,373247
2019/8/23,163.938004,165.968994,162.938004,165.531006,165.531006,570391
2019/8/25,166.40625,166.8125,166.25,166.46875,166.46875,1331651
2019/8/26,166.406006,167.468994,165.061996,165.093994,165.093994,577348
2019/8/27,165.218994,166.906006,165.188004,166.5,166.5,645900
2019/8/28,166.875,167.561996,166.311996,166.906006,166.906006,505985
2019/8/29,166.375,167.25,165.561996,166.061996,166.061996,271523
2019/8/30,166.25,166.5,165.281006,166.061996,166.061996,37812
2019/9/1,165.65625,167,165.59375,165.8125,165.8125,256762
2019/9/3,166.5,167.531006,165.343994,166.718994,166.718994,10351
2019/9/4,166.656006,166.938004,165.75,166.75,166.75,4965
2019/9/5,166.531006,166.531006,164.031006,164.688004,164.688004,12516
2019/9/6,164.811996,165.531006,164,165.311996,165.311996,3149
2019/9/8,164.40625,165.21875,164.28125,164.375,164.375,138915
2019/9/9,165.218994,165.25,163.188004,163.781006,163.781006,1576
2019/9/10,163.311996,163.811996,161.375,162.25,162.25,2846
2019/9/11,161.811996,162.093994,161.311996,161.718994,161.718994,902
2019/9/12,161.468994,163.061996,160.438004,160.593994,160.593994,1512
2019/9/13,160.781006,160.781006,158.375,158.375,158.375,972
2019/9/15,158.1875,158.9375,157.9375,158.3125,158.3125,1243494
2019/9/16,158.843994,159.718994,158.718994,159.718994,159.718994,983
2019/9/17,159.781006,160.656006,159.5,160.156006,160.156006,720
2019/9/18,160.938004,161.438004,160.343994,160.843994,160.843994,3186
2019/9/19,160.688004,161.406006,160.688004,161.218994,161.218994,290131
2019/9/20,160.281006,161.625,160.093994,160.875,160.875,264691
2019/9/22,161.1875,161.1875,160.71875,161,161,795876
2019/9/23,161.188004,162.5,160.5,161.656006,161.656006,341398
2019/9/24,161.343994,163.25,161.188004,163.125,163.125,307768
2019/9/25,162.781006,163.311996,161.125,161.25,161.25,378852
2019/9/26,161.188004,162.468994,161.156006,162.311996,162.311996,285433
2019/9/27,162.061996,162.406006,161.468994,162.343994,162.343994,266085
2019/9/29,162.09375,162.4375,161.90625,162.21875,162.21875,210783
2019/9/30,162.093994,162.561996,161.531006,162.311996,162.311996,284042
2019/10/1,162.5,163.343994,160.593994,162.688004,162.688004,489396
2019/10/2,162.843994,163.625,162.125,163.311996,163.311996,354284
2019/10/3,163.25,164.968994,163.218994,164.406006,164.406006,374871
2019/10/4,164.375,165.156006,164.156006,165,165,336476
2019/10/6,165.0625,165.15625,164.75,164.90625,164.90625,330623
2019/10/7,165.061996,165.218994,164.093994,164.406006,164.406006,220600
2019/10/8,164.281006,165.218994,163.561996,164.561996,164.561996,333274
2019/10/9,164.688004,164.75,163.438004,163.561996,163.561996,250318
2019/10/10,163.656006,164.343994,161.906006,162.25,162.25,370729
2019/10/11,162.061996,162.593994,160.061996,160.438004,160.438004,487113
2019/10/13,160.75,160.75,160.5,160.5625,160.5625,288651
2019/10/14,160.75,161.75,160.468994,161.125,161.125,86376
2019/10/15,161.25,161.718994,159.718994,159.938004,159.938004,285350
2019/10/16,159.968994,160.811996,159.781006,160.281006,160.281006,273168
2019/10/17,160.406006,160.718994,159.311996,160.188004,160.188004,242403
2019/10/18,160.311996,160.688004,159.718994,160.218994,160.218994,194352
2019/10/20,160.375,160.46875,160.3125,160.4375,160.4375,271613
2019/10/21,160.375,160.468994,159.156006,159.438004,159.438004,179974
2019/10/22,159.281006,160.125,159.061996,160.061996,160.061996,225683
2019/10/23,160.125,160.688004,159.938004,160.093994,160.093994,241207
2019/10/24,160.093994,160.625,159.625,159.968994,159.968994,267656
2019/10/25,160,160.343994,159.156006,159.375,159.375,271101
2019/10/27,159.46875,159.5,159.3125,159.3125,159.3125,120011
2019/10/28,159.468994,159.5,158.156006,158.281006,158.281006,238042
2019/10/29,158.468994,158.938004,158.188004,158.688004,158.688004,235319
2019/10/30,158.593994,160.031006,158.375,159.593994,159.593994,317951
2019/10/31,159.968994,161.656006,159.656006,161.375,161.375,460264
2019/11/1,161.218994,161.688004,160.311996,160.625,160.625,318445
2019/11/3,160.625,160.8125,160.625,160.625,160.625,169243
2019/11/4,160.625,160.811996,159.281006,159.468994,159.468994,263541
2019/11/5,159.625,159.625,157.781006,157.875,157.875,332766
2019/11/6,157.968994,159.156006,157.968994,158.968994,158.968994,327490
2019/11/7,158.593994,159,155.811996,156.656006,156.656006,523696
2019/11/8,156.656006,157.218994,156.031006,156.406006,156.406006,350757
2019/11/10,156.125,156.25,156.09375,156.21875,156.21875,78277
2019/11/11,156.125,156.875,156.093994,156.5,156.5,63066
2019/11/12,156.531006,157.188004,156,157,157,293969
2019/11/13,156.343994,157.811996,156.343994,157.625,157.625,314029
2019/11/14,157.25,158.938004,157.218994,158.656006,158.656006,303426
2019/11/15,158.468994,158.656006,157.906006,158.311996,158.311996,174703
2019/11/17,158.34375,158.53125,158.34375,158.53125,158.53125,64359
2019/11/18,158.343994,159.093994,157.875,158.781006,158.781006,224528
2019/11/19,158.656006,159.468994,158.468994,159.343994,159.343994,245350
2019/11/20,159.375,160.531006,159.375,160.311996,160.311996,361972
2019/11/21,160.5,160.906006,159.375,159.718994,159.718994,546588
2019/11/22,159.688004,160.311996,159.406006,159.875,159.875,451466
2019/11/24,159.8125,159.875,159.6875,159.78125,159.78125,91372
2019/11/25,159.811996,160.311996,159.5,160.061996,160.061996,639595
2019/11/26,160.25,160.781006,159.811996,160.593994,160.593994,423437
2019/11/27,160.531006,160.625,159.811996,160.093994,160.093994,207834
2019/11/29,null,null,null,null,null,null
2019/12/1,158.75,158.875,158.59375,158.71875,158.71875,132392
2019/12/2,159.561996,159.561996,158.031006,158.188004,158.188004,14020
2019/12/3,158.561996,161.156006,158.093994,160.875,160.875,5437
2019/12/4,160.718994,161.156006,159.281006,159.5,159.5,3748
2019/12/5,159.656006,159.906006,158.656006,159.125,159.125,3189
2019/12/6,158.906006,159.281006,157.968994,158.438004,158.438004,5863
2019/12/8,157.59375,157.59375,157.5625,157.5625,157.5625,28327
2019/12/9,158.406006,159.125,158.375,158.781006,158.781006,7858
2019/12/10,158.968994,159.438004,158.468994,158.875,158.875,4956
2019/12/11,158.968994,159.781006,158.875,159.688004,159.688004,855
2019/12/12,159.593994,159.656006,156.938004,157.561996,157.561996,3200
2019/12/13,157,159.031006,156.656006,159.031006,159.031006,2481
2019/12/15,157.90625,158,157.90625,157.96875,157.96875,68554
2019/12/16,158.656006,158.75,157.656006,157.656006,157.656006,1192
2019/12/17,158.343994,158.375,157.5,157.625,157.625,541
2019/12/18,157.75,157.968994,156.718994,156.843994,156.843994,460
2019/12/19,156.688004,157.188004,156.625,157.188004,157.188004,252558
2019/12/20,156.061996,156.343994,155.593994,156.25,156.25,191875
2019/12/22,156.1875,156.25,156.125,156.25,156.25,49691
2019/12/23,156.188004,156.75,155.718994,155.875,155.875,154053
2019/12/24,null,null,null,null,null,null
2019/12/26,156.406006,156.781006,156.188004,156.468994,156.468994,80760
2019/12/27,156.625,157.031006,156.468994,156.906006,156.906006,156951
2019/12/29,156.75,156.84375,156.71875,156.84375,156.84375,61991
2019/12/30,156.75,156.843994,155.311996,156.25,156.25,240718
2019/12/31,156.468994,156.5,155.406006,155.906006,155.906006,231938
2020/1/2,155.625,157.125,155.156006,156.593994,156.593994,279754
2020/1/3,156.718994,158.343994,156.656006,158.281006,158.281006,358331
2020/1/5,158.5625,158.75,158.46875,158.65625,158.65625,430801
2020/1/6,158.561996,158.781006,157.688004,157.843994,157.843994,278848
2020/1/7,157.75,158.093994,157.343994,157.406006,157.406006,244748
2020/1/8,157.531006,159.593994,156.25,156.375,156.375,490104
2020/1/9,156.281006,157.031006,155.906006,156.811996,156.811996,378120
2020/1/10,156.75,157.811996,156.625,157.625,157.625,269901
2020/1/12,157.6875,157.71875,157.59375,157.625,157.625,63870
2020/1/13,157.688004,157.718994,156.875,157.25,157.25,255783
2020/1/14,157.25,158,156.938004,157.906006,157.906006,284408
2020/1/15,157.938004,158.718994,157.843994,158.5,158.5,291473
2020/1/16,158.593994,158.781006,157.875,158.093994,158.093994,234445
2020/1/17,157.906006,157.938004,156.875,157.281006,157.281006,519062
2020/1/19,157.46875,157.5625,157.375,157.46875,157.46875,43177
2020/1/21,157.468994,158.718994,157.281006,158.593994,158.593994,350649
2020/1/22,158.5,159.031006,158.156006,158.811996,158.811996,288458
2020/1/23,158.811996,159.968994,158.781006,159.561996,159.561996,398010
2020/1/24,159.593994,160.875,159.031006,160.625,160.625,378955
2020/1/26,161.3125,162.0625,161.28125,161.65625,161.65625,798020
2020/1/27,161.311996,162.218994,161,162.031006,162.031006,487500
2020/1/28,161.968994,162.781006,160.875,161.311996,161.311996,365499
2020/1/29,161,162.656006,160.843994,162.25,162.25,307483
2020/1/30,162.468994,163.375,162.218994,162.906006,162.906006,427207
2020/1/31,162.311996,163.938004,162.125,163.531006,163.531006,502114
2020/2/2,164.0625,164.15625,163.46875,163.6875,163.6875,409282
2020/2/3,164.061996,164.156006,162.593994,163.781006,163.781006,413963
2020/2/4,163.688004,163.938004,161.811996,162.093994,162.093994,396092
2020/2/5,162.156006,162.625,160.938004,161.125,161.125,415084
2020/2/6,161.093994,161.531006,160.468994,161.375,161.375,359839
2020/2/7,161.343994,162.781006,161.311996,162.593994,162.593994,351194
2020/2/9,162.65625,163.1875,162.4375,162.90625,162.90625,231967
2020/2/10,162.656006,163.281006,162.218994,163.156006,163.156006,292305
2020/2/11,162.656006,162.781006,162.156006,162.468994,162.468994,286176
2020/2/12,162.188004,162.281006,161.468994,161.688004,161.688004,261393
2020/2/13,161.656006,162.811996,161.625,161.875,161.875,381011
2020/2/14,161.843994,162.811996,161.811996,162.406006,162.406006,269335
2020/2/16,162.375,162.40625,162.15625,162.1875,162.1875,14647
2020/2/18,162.375,163.5,162.061996,163.156006,163.156006,399309
2020/2/19,163.061996,163.406006,162.561996,162.968994,162.968994,339910
2020/2/20,163.031006,164.25,162.625,163.938004,163.938004,492586
2020/2/21,164.125,165.688004,164,164.968994,164.968994,661500
2020/2/23,165.96875,166.1875,165.75,165.8125,165.8125,856427
2020/2/24,165.968994,167.343994,165.468994,166.718994,166.718994,920900
2020/2/25,166.811996,168.156006,165.968994,167.688004,167.688004,1034719
2020/2/26,167.218994,168.281006,166.531006,168.093994,168.093994,844631
2020/2/27,167.625,169.561996,167.406006,168.5,168.5,613226
2020/2/28,168.843994,172,168.561996,171.375,171.375,71013
2020/3/1,null,null,null,null,null,null
2020/3/2,171.718994,173.343994,170.531006,172.218994,172.218994,33842
2020/3/3,170.593994,175.718994,170.156006,173.311996,173.311996,14451
2020/3/4,173.593994,174.75,171.811996,173.406006,173.406006,8696
2020/3/5,172.156006,175.5,172.031006,174.938004,174.938004,8948
2020/3/6,175.343994,181.906006,175.093994,180.968994,180.968994,3907
2020/3/8,null,null,null,null,null,null
2020/3/9,182.656006,193.188004,182.656006,186.938004,186.938004,962
2020/3/10,181.688004,185.968994,179.406006,180.938004,180.938004,2469
2020/3/11,182,182.875,179.938004,181.718994,181.718994,620
2020/3/12,184.156006,184.156006,178.311996,180.25,180.25,1661
2020/3/13,174.343994,179.125,174.343994,177.938004,177.938004,1472
2020/3/15,null,null,null,null,null,null
2020/3/16,180.311996,182.343994,179.968994,182.343994,182.343994,2161
2020/3/17,181.031006,181.031006,173.468994,175,175,169
2020/3/18,171.5,174.843994,169.281006,169.281006,169.281006,202
2020/3/19,169.281006,172.688004,169.281006,172.688004,172.688004,2
2020/3/20,190,200,177.311996,177.311996,177.311996,265254
2020/3/22,178.59375,180.15625,177.9375,179.4375,179.4375,395248
2020/3/23,178.593994,181.25,174.875,179.656006,179.656006,383407
2020/3/24,178.281006,179.125,176.625,178.843994,178.843994,235218
2020/3/25,177.531006,179.656006,177.188004,177.75,177.75,213412
2020/3/26,177.375,179.593994,177.125,178.125,178.125,253348
2020/3/27,177.531006,180.968994,177.281006,179.061996,179.061996,199200
2020/3/29,181.0625,181.125,180.5625,180.9375,180.9375,145809
2020/3/30,181.061996,182.5,178.875,180.718994,180.718994,221580
2020/3/31,179.125,180.561996,178.843994,179.061996,179.061996,334842
2020/4/1,179.906006,182.781006,179.688004,181.125,181.125,244308
2020/4/2,182.406006,182.811996,181.311996,181.531006,181.531006,201293
2020/4/3,181.718994,182.968994,181.438004,182.561996,182.561996,192451
2020/4/5,null,null,null,null,null,null
2020/4/6,182.125,182.125,180.311996,180.561996,180.561996,163492
2020/4/7,180.593994,180.625,177.875,179.218994,179.218994,218647
2020/4/8,179.593994,180.093994,177.875,178.281006,178.281006,193565
2020/4/9,177.938004,179.188004,177.561996,178.843994,178.843994,188683
2020/4/12,178.34375,179.0625,178.21875,178.84375,178.84375,199296
2020/4/13,178.343994,179.061996,177.438004,178.125,178.125,145877
2020/4/14,177.593994,178.438004,177.438004,177.688004,177.688004,199372
2020/4/15,177.781006,181,177.688004,180.561996,180.561996,235807
2020/4/16,180.593994,181.688004,180.061996,181.406006,181.406006,232820
2020/4/17,180.593994,182.031006,179.5,179.875,179.875,242581
2020/4/19,180.40625,180.46875,180.21875,180.375,180.375,128123
2020/4/20,180.218994,181.188004,180.031006,180.75,180.75,139176
2020/4/21,181.125,183.031006,180.875,182.25,182.25,219713
2020/4/22,182.375,183.061996,180.561996,180.968994,180.968994,194426
2020/4/23,181.031006,182,180.561996,181.406006,181.406006,212115
2020/4/24,181.718994,182.343994,181.25,182,182,147347
2020/4/26,181.90625,182.09375,181.84375,181.875,181.875,65425
2020/4/27,181.906006,182.093994,180.25,180.561996,180.561996,208949
2020/4/28,180.375,182.218994,180.093994,181.843994,181.843994,189919
2020/4/29,181.938004,182.625,181.031006,181.375,181.375,198784
2020/4/30,181.218994,182.156006,180.281006,181.031006,181.031006,315504
2020/5/1,180.718994,181.781006,180.25,180.656006,180.656006,174051
2020/5/3,181.46875,181.625,181.3125,181.625,181.625,122021
2020/5/4,181.468994,181.811996,180.343994,180.718994,180.718994,177409
2020/5/5,180.75,180.843994,179.656006,180.281006,180.281006,173523
2020/5/6,180.188004,180.25,178.031006,178.718994,178.718994,273610
2020/5/7,179.031006,181.343994,178.688004,181.125,181.125,303466
2020/5/8,180.718994,181.75,179.531006,179.688004,179.688004,224640
2020/5/10,179.6875,179.78125,179.34375,179.4375,179.4375,142049
2020/5/11,179.688004,179.811996,178.468994,178.5,178.5,214120
2020/5/12,178.843994,180.281006,178.593994,179.811996,179.811996,244747
2020/5/13,180.061996,181.061996,179.875,180.656006,180.656006,297030
2020/5/14,180.468994,182.061996,180.375,181.625,181.625,282317
2020/5/15,181.561996,182.468994,180.718994,180.938004,180.938004,218582
2020/5/17,181.03125,181.125,180.65625,180.78125,180.78125,147374
2020/5/18,181.031006,181.125,178.061996,178.156006,178.156006,238148
2020/5/19,178.438004,179.156006,177.811996,178.625,178.625,231463
2020/5/20,179.156006,179.875,178.531006,179.625,179.625,351919
2020/5/21,179.468994,180.25,179.406006,179.718994,179.718994,422084
2020/5/22,179.811996,181.125,179.75,180.25,180.25,339979
2020/5/24,180.1875,180.21875,180.0625,180.09375,180.09375,16920
2020/5/26,180.125,180.468994,178.811996,178.968994,178.968994,743049
2020/5/27,178.906006,179.906006,178.156006,179.468994,179.468994,554831
2020/5/28,179.25,179.561996,178.375,178.656006,178.656006,232370
2020/5/29,178.938004,180.125,178.938004,180,180,46107
2020/5/31,180.25,180.25,178.53125,178.53125,178.53125,68612
2020/6/1,179.968994,180.406006,178.688004,179.375,179.375,13738
2020/6/2,179.218994,179.593994,178.561996,178.968994,178.968994,2594
2020/6/3,178.843994,178.938004,176.75,177.125,177.125,3465
2020/6/4,177.375,177.593994,175.438004,175.625,175.625,6979
2020/6/5,175.5,176,172.531006,174.125,174.125,4373
2020/6/7,null,null,null,null,null,null
2020/6/8,173.781006,174.938004,173.5,174.5,174.5,1769
2020/6/9,174.688004,176.593994,174.688004,175.938004,175.938004,404
2020/6/10,176,177.688004,175.843994,177.531006,177.531006,717
2020/6/11,177.75,179.968994,177.75,179.968994,179.968994,234
2020/6/12,179.25,179.311996,178.375,178.781006,178.781006,1264
2020/6/14,null,null,null,null,null,null
2020/6/15,179.25,179.843994,178.438004,178.906006,178.906006,736
2020/6/16,177.781006,178,176.688004,177.281006,177.281006,279
2020/6/17,177.188004,177.906006,176.906006,177.781006,177.781006,625
2020/6/18,178.093994,179,178.093994,179,179,303
2020/6/19,178.281006,179.188004,177.843994,179.125,179.125,207020
2020/6/21,null,null,null,null,null,null
2020/6/22,177.75,178.031006,177.093994,177.281006,177.281006,178895
2020/6/23,177.188004,177.938004,176.5,176.938004,176.938004,206358
2020/6/24,176.811996,178.125,176.406006,177.875,177.875,266546
2020/6/25,178.061996,178.625,177.843994,178.218994,178.218994,238587
2020/6/26,177.938004,179.25,177.906006,179.093994,179.093994,235817
2020/6/28,null,null,null,null,null,null
2020/6/29,179.156006,179.406006,178.75,179.031006,179.031006,215952
2020/6/30,179.311996,179.531006,178.218994,178.561996,178.561996,315518
2020/7/1,178.468994,178.5,177.468994,178.125,178.125,278149
2020/7/2,178.281006,178.561996,177.281006,178.281006,178.281006,203962
2020/7/5,178.5625,178.625,178.21875,178.28125,178.28125,133630
2020/7/6,178.438004,178.875,177.188004,177.968994,177.968994,190697
2020/7/7,178.031006,179.375,177.781006,179,179,201678
2020/7/8,179.218994,179.281006,178.438004,178.938004,178.938004,216441
2020/7/9,178.625,180.561996,178.593994,180.375,180.375,318450
2020/7/10,180.156006,181.438004,179.531006,179.811996,179.811996,267219
2020/7/12,179.59375,179.9375,179.5625,179.90625,179.90625,281806
2020/7/13,179.593994,180.218994,178.968994,179.625,179.625,214909
2020/7/14,180.093994,180.75,179.781006,180.281006,180.281006,249337
2020/7/15,179.75,180.188004,179.093994,179.718994,179.718994,214595
2020/7/16,179.656006,180.468994,179.5,180.218994,180.218994,177664
2020/7/17,180.061996,180.561996,179.593994,179.718994,179.718994,157697
2020/7/19,179.6875,179.875,179.6875,179.6875,179.6875,88530
2020/7/20,179.688004,180.468994,179.688004,180,180,179104
2020/7/21,180.25,180.625,179.843994,180.281006,180.281006,186306
2020/7/22,180.343994,181,180.25,180.625,180.625,245814
2020/7/23,180.531006,181.311996,180.5,181.093994,181.093994,257395
2020/7/24,181.281006,181.938004,180.718994,181.093994,181.093994,248749
2020/7/26,181,181.25,180.96875,181.0625,181.0625,225865
2020/7/27,181,181.656006,180.406006,180.656006,180.656006,209318
2020/7/28,180.468994,181.593994,179.938004,181.438004,181.438004,233614
2020/7/29,181.5,181.625,180.906006,181.281006,181.281006,214198
2020/7/30,181.375,182.468994,181.311996,182.311996,182.311996,238489
2020/7/31,182.125,182.811996,181.656006,182.281006,182.281006,361448
2020/8/2,182.40625,182.53125,182.21875,182.4375,182.4375,250918
2020/8/3,182.406006,182.531006,181.281006,181.593994,181.593994,272350
2020/8/4,181.781006,183,181.593994,182.781006,182.781006,216348
2020/8/5,182.968994,183,181.656006,182.093994,182.093994,290383
2020/8/6,181.875,183.188004,181.718994,182.25,182.25,290383
2020/8/7,182.281006,182.811996,181.406006,181.593994,181.593994,276875
2020/8/9,181.46875,181.6875,181.4375,181.625,181.625,292836
2020/8/10,181.468994,182,181.061996,181.281006,181.281006,200716
2020/8/11,181.156006,181.311996,179.031006,179.125,179.125,413648
2020/8/12,179.5,179.968994,178.25,178.781006,178.781006,369646
2020/8/13,178.625,179.625,177.5,177.811996,177.811996,379954
2020/8/14,177.688004,178.468994,177.656006,177.843994,177.843994,296412
2020/8/16,177.84375,177.84375,177.71875,177.75,177.75,113619
2020/8/17,177.843994,178.75,177.688004,178.343994,178.343994,262451
2020/8/18,178.25,179.031006,178.188004,178.811996,178.811996,261872
2020/8/19,178.843994,179.406006,178,178.438004,178.438004,366239
2020/8/20,178.218994,179.5,178.218994,179.343994,179.343994,333610
2020/8/21,179.125,179.875,178.875,179.593994,179.593994,317800
2020/8/23,179.6875,179.78125,179.5625,179.78125,179.78125,156411
2020/8/24,179.688004,180.061996,179.156006,179.438004,179.438004,381252
2020/8/25,179.218994,179.281006,177.593994,178.531006,178.531006,786570
2020/8/26,178.406006,178.468994,177.375,178.156006,178.156006,701514
2020/8/27,178.031006,179.093994,176.125,176.406006,176.406006,653751
2020/8/28,176.125,176.875,175.156006,176.438004,176.438004,202191
2020/8/30,174.96875,175.0625,174.8125,174.90625,174.90625,173590
2020/8/31,176.656006,177.468994,175.843994,177.375,177.375,21289
2020/9/1,177.031006,178.093994,176.311996,178,178,9900
2020/9/2,178.031006,179.031006,177.531006,178.875,178.875,7754
2020/9/3,178.906006,180.188004,178.468994,179.531006,179.531006,4462
2020/9/4,179.156006,179.343994,176.938004,177.031006,177.031006,1400
2020/9/6,null,null,null,null,null,null
2020/9/8,177.031006,178.438004,176.875,177.938004,177.938004,1155
2020/9/9,178.281006,178.5,177.311996,177.375,177.375,1871
2020/9/10,177.656006,178.061996,176.875,177.906006,177.906006,422
2020/9/11,177.718994,178.281006,177.656006,178.25,178.25,230
2020/9/13,null,null,null,null,null,null
2020/9/14,178.125,178.656006,178.093994,178.343994,178.343994,314
2020/9/15,177.875,178.25,177.875,178.156006,178.156006,400
2020/9/16,178.75,178.75,177.688004,177.938004,177.938004,3896
2020/9/17,178.031006,178.781006,177.968994,178.125,178.125,160
2020/9/18,178.156006,178.156006,177.656006,177.656006,177.656006,262
2020/9/20,null,null,null,null,null,null
2020/9/21,178.031006,178.811996,178.031006,178.281006,178.281006,289820
2020/9/22,176.625,176.811996,176.218994,176.688004,176.688004,231064
2020/9/23,176.5,176.968994,175.938004,176.468994,176.468994,274683
2020/9/24,176.593994,177,176.375,176.968994,176.968994,299945
2020/9/25,176.875,177.281006,176.625,177.031006,177.031006,222209
2020/9/27,null,null,null,null,null,null
2020/9/28,177.125,177.188004,176.593994,176.843994,176.843994,171442
2020/9/29,177.061996,177.375,176.843994,177.218994,177.218994,226494
2020/9/30,177.093994,177.281006,175.438004,176.281006,176.281006,528478
2020/10/1,176.093994,176.561996,175.25,176.343994,176.343994,391877
2020/10/2,176.218994,177,175.593994,175.906006,175.906006,406421
2020/10/4,null,null,null,null,null,null
2020/10/5,175.688004,175.781006,173.688004,174.218994,174.218994,366137
2020/10/6,173.75,175.093994,173.375,174.688004,174.688004,496286
2020/10/7,174.875,175,173.311996,173.656006,173.656006,361518
2020/10/8,173.593994,174.311996,173.561996,174.188004,174.188004,313830
2020/10/9,173.75,174.375,173.343994,174.031006,174.031006,314066
2020/10/11,null,null,null,null,null,null
2020/10/12,174.093994,174.438004,174,174.375,174.375,63664
2020/10/13,174.375,175.25,174.25,175.188004,175.188004,271313
2020/10/14,175.156006,175.688004,175.031006,175.375,175.375,246009
2020/10/15,175.25,176.311996,175,175.25,175.25,331640
2020/10/16,175.093994,175.561996,174.5,174.906006,174.906006,301587
2020/10/18,null,null,null,null,null,null
2020/10/19,174.75,174.843994,173.938004,174.5,174.5,300807
2020/10/20,174.25,174.438004,173.375,173.5,173.5,329992
2020/10/21,173.656006,173.75,172.531006,173.093994,173.093994,423394
2020/10/22,172.906006,173.468994,171.781006,172.343994,172.343994,368728
2020/10/23,171.968994,172.781006,171.688004,172.593994,172.593994,308617
2020/10/25,null,null,null,null,null,null
2020/10/26,172.718994,173.938004,172.688004,173.593994,173.593994,347924
2020/10/27,173.531006,174.406006,173.375,174.093994,174.093994,275064
2020/10/28,174.375,174.906006,173.938004,174.031006,174.031006,383142
2020/10/29,174.25,174.406006,172.625,172.843994,172.843994,484603
2020/10/30,173.218994,173.593994,172,172.468994,172.468994,580589
2020/11/1,null,null,null,null,null,null
2020/11/2,172.156006,173.188004,171.968994,172.75,172.75,342064
2020/11/3,172.811996,172.875,171.406006,172.031006,172.031006,348831
2020/11/4,171.156006,175.093994,170.218994,174.438004,174.438004,836457
2020/11/5,174.625,175.843994,173.938004,174.343994,174.343994,436107
2020/11/6,174.75,174.968994,172.906006,173.311996,173.311996,372348
2020/11/8,null,null,null,null,null,null
2020/11/9,173.031006,173.75,169.906006,170.188004,170.188004,646818
2020/11/10,171,171.438004,169.938004,170,170,451239
2020/11/11,170.218994,170.843994,169.5,170.656006,170.656006,107138
2020/11/12,170.531006,172.468994,170.468994,172.281006,172.281006,440703
2020/11/13,172.343994,172.843994,172,172.188004,172.188004,248281
2020/11/15,null,null,null,null,null,null
2020/11/16,172.093994,172.688004,171.281006,171.906006,171.906006,311508
2020/11/17,171.875,172.906006,171.593994,172.561996,172.561996,327789
2020/11/18,172.906006,173.468994,172.156006,172.531006,172.531006,389406
2020/11/19,172.781006,173.906006,172.75,173.25,173.25,463696
2020/11/20,173.906006,174.281006,173.468994,174.061996,174.061996,483646
2020/11/22,null,null,null,null,null,null
2020/11/23,174.218994,174.25,173.281006,173.468994,173.468994,825765
2020/11/24,173.5,173.561996,172.625,172.906006,172.906006,956028
2020/11/25,172.968994,173.656006,172.531006,172.875,172.875,546549
2020/11/27,null,null,null,null,null,null
2020/11/29,null,null,null,null,null,null
2020/11/30,173.875,174.188004,173.438004,173.781006,173.781006,35364
2020/12/1,173.843994,173.938004,171.561996,171.688004,171.688004,31204
2020/12/2,171.968994,172.188004,170.781006,171.218994,171.218994,17979
2020/12/3,171.438004,172.188004,171.25,171.906006,171.906006,5829
2020/12/4,172.156006,172.311996,170.311996,170.75,170.75,11391
2020/12/6,null,null,null,null,null,null
2020/12/7,170.375,171.688004,170.343994,171.561996,171.561996,3661
2020/12/8,171.688004,172.375,171.406006,172.093994,172.093994,9791
2020/12/9,171.843994,171.843994,171.093994,171.5,171.5,1270
2020/12/10,171.781006,172.561996,171.625,172.468994,172.468994,1651
2020/12/11,173,173.061996,172.5,172.625,172.625,1562
2020/12/13,null,null,null,null,null,null
2020/12/14,172.343994,172.656006,171.593994,172.656006,172.656006,5427
2020/12/15,172.875,172.938004,171.906006,171.906006,171.906006,5422
2020/12/16,172.25,172.25,171.25,171.968994,171.968994,8400
2020/12/17,171.75,172.5,171.593994,171.718994,171.718994,4439
2020/12/18,171.811996,171.968994,171.188004,171.188004,171.188004,12608
2020/12/20,null,null,null,null,null,null
2020/12/21,171.625,171.625,171.5,171.5,171.5,397352
2020/12/22,172.593994,173.093994,172.438004,173.031006,173.031006,225565
2020/12/23,173.061996,173.438004,171.5,172.061996,172.061996,347329
2020/12/24,null,null,null,null,null,null
2020/12/27,null,null,null,null,null,null
2020/12/28,172.938004,172.938004,171.843994,172.75,172.75,191816
2020/12/29,172.875,172.875,172.156006,172.656006,172.656006,222934
2020/12/30,172.561996,172.906006,172.031006,172.843994,172.843994,227287
2020/12/31,172.875,173.25,172.561996,173.188004,173.188004,213618
2021/1/3,null,null,null,null,null,null
2021/1/4,172.843994,173.343994,172.125,173.031006,173.031006,404379
2021/1/5,173.031006,173.031006,171.718994,172,172,425609
2021/1/6,171.938004,172.311996,169.406006,169.718994,169.718994,691300
2021/1/7,169.718994,169.968994,168.656006,169.218994,169.218994,412161
2021/1/8,168.938004,169.406006,168.156006,168.75,168.75,517111
2021/1/10,null,null,null,null,null,null
2021/1/11,168.468994,168.968994,168.031006,168.343994,168.343994,317353
2021/1/12,168.061996,168.375,167.343994,168.188004,168.188004,415761
2021/1/13,168.343994,169.688004,168.25,169.375,169.375,469065
2021/1/14,169.406006,169.625,168.031006,168.218994,168.218994,455219
2021/1/15,168.125,169.156006,168.093994,168.811996,168.811996,340565
2021/1/17,null,null,null,null,null,null
2021/1/19,169.031006,169.25,168.311996,168.968994,168.968994,398505
2021/1/20,169,169.375,168.656006,169,169,297408
2021/1/21,169.156006,169.343994,168.188004,168.438004,168.438004,297408
